"file","subject","vl","time","condition","story","correct","age","gender","SVS1","SVS2","SVS3","autonomie1","autonomie2","autonomie3","SMS5_1","SMS5_2","SMS5_3","SMS5_4","SMS5_5","ITW_6","ITW_5","ITW_4","ITW_3","ITW_2","ITW_1","handaufsherz","SMS5_2r","SMS5_4r","ITW_3r","ITW_4r","ITW_6r","SMS5","SVS","ITW","BF"
1,"jeyrey5x2qe1o49p",1,"2023-12-05T12:54:06Z","Anreiz","reinkarnation",TRUE,21,"männlich",8,10,10,4,3,3,0,5,1,6,0,3,4,4,5,5,4,"Ja",1,0,0,1,2,0.4,9.333333333333334,2.666666666666667,1
2,"mshzxnz9f3bz37mx",1,"2023-12-06T09:53:06Z","KeinAnreiz",NA,FALSE,17,"männlich",5,5,5,2,2,2,4,3,4,2,3,2,3,2,3,4,1,"Ja",3,4,2,3,3,3.6,5,2.666666666666667,0.8964569839756572
3,"n0gqs29zeed32ur9",1,"2023-12-06T09:54:52Z","Anreiz","krimi",TRUE,22,"weiblich",3,2,1,2,2,1,4,1,4,1,0,2,3,2,3,4,4,"Ja",5,5,2,3,3,3.6,2,3.166666666666667,1.008012706460105
4,"h9px2vcw5gpr48lw",1,"2023-12-06T09:57:02Z","KeinAnreiz",NA,TRUE,21,"weiblich",2,7,3,1,1,1,1,5,0,5,0,4,2,3,4,1,1,"Ja",1,1,1,2,1,0.6,4,1.333333333333333,1.1668256510328583
5,"yzs7o9xf6nabcq4z",1,"2023-12-06T09:57:06Z","KeinAnreiz",NA,TRUE,21,"männlich",8,8,10,4,2,3,4,5,0,5,0,4,1,4,4,5,4,"Ja",1,1,1,1,1,1.2,8.666666666666666,2.166666666666667,1.3965327604080955
6,"5r2ndx7xejgwlpph",1,"2023-12-06T09:58:21Z","KeinAnreiz",NA,TRUE,27,"männlich",7,3,7,4,4,4,3,5,0,4,0,4,4,3,4,0,0,"Ja",1,2,1,2,1,1.2,5.666666666666667,1.333333333333333,1.7458389795870106
7,"jgsuptutjx9zgrb5",1,"2023-12-06T09:59:58Z","Anreiz","krimi",FALSE,20,"weiblich",8,8,7,3,2,1,2,3,0,5,0,1,4,0,1,3,3,"Ja",3,1,4,5,4,1.2,7.666666666666667,3.833333333333333,1.2597123073063112
8,"0rdsxjhpueknam2f",1,"2023-12-06T10:01:00Z","KeinAnreiz",NA,FALSE,45,"weiblich",10,8,10,4,4,1,0,6,0,6,0,2,5,2,2,5,4,"Ja",0,0,3,3,3,0,9.333333333333334,3.833333333333333,1.035582071072194
9,"9ydd1koe30d9o3j1",1,"2023-12-06T10:02:11Z","Anreiz","krimi",TRUE,21,"weiblich",10,6,4,4,4,3,5,2,5,4,0,2,2,0,5,4,3,"Ja",4,2,0,5,3,3.2,6.666666666666667,2.833333333333333,1.1814626476635042
10,"sewgbup354rvtcy8",1,"2023-12-06T10:04:21Z","KeinAnreiz",NA,FALSE,44,"weiblich",7,6,5,4,2,0,3,1,2,0,0,0,4,0,0,5,5,"Ja",5,6,5,5,5,3.2,6,4.833333333333333,0.9965298117961706
11,"cewzn7d5jfzambfb",1,"2023-12-06T10:05:36Z","Anreiz","krimi",TRUE,21,"weiblich",2,0,1,4,4,3,0,6,0,5,0,1,1,2,3,3,2,"Ja",0,1,2,3,4,0.2,1,2.5,1.1257317576945671
12,"s4v53f4uag3myk8w",1,"2023-12-06T10:05:53Z","Anreiz","krimi",TRUE,38,"weiblich",3,3,5,3,3,3,1,4,5,2,5,4,1,4,4,1,1,"Ja",2,4,1,1,1,3.4,3.666666666666667,1,1.2902250578922037
13,"159o5do5seaxw3fk",1,"2023-12-06T10:09:03Z","KeinAnreiz",NA,FALSE,21,"weiblich",2,7,2,2,2,1,2,2,5,5,2,3,3,2,4,3,2,"Ja",4,1,1,3,2,2.8,3.666666666666667,2.333333333333333,1.0821631510410812
14,"sb0yj17dckvc3gns",1,"2023-12-06T10:11:26Z","Anreiz","krimi",TRUE,21,"männlich",5,3,5,2,3,2,0,3,4,5,1,4,2,4,3,3,3,"Ja",3,1,2,1,1,1.8,4.333333333333333,2,1.2285906100764916
16,"2ucz23kz4s545m1r",1,"2023-12-06T10:11:38Z","Anreiz","krimi",TRUE,57,"männlich",5,7,8,3,3,3,2,3,4,3,2,1,3,2,3,1,3,"Ja",3,3,2,3,4,2.8,6.666666666666667,2.666666666666667,1.4146612582228548
17,"ugu04z0rzqlz9agb",1,"2023-12-06T10:17:25Z","KeinAnreiz",NA,TRUE,21,"männlich",3,7,7,1,1,1,5,4,2,2,2,3,2,3,4,2,2,"Ja",2,4,1,2,2,3,5.666666666666667,1.833333333333333,1.655933111023892
18,"fxjt8xh8o5ecagjm",1,"2023-12-06T10:18:50Z","Anreiz","krimi",FALSE,20,"weiblich",5,2,7,4,4,4,0,6,0,3,0,3,2,4,2,3,1,"Ja",0,3,3,1,2,0.6,4.666666666666667,2,1.3455821364871614
19,"hpudwoym8wecdu6f",1,"2023-12-06T10:23:56Z","Anreiz","krimi",FALSE,22,"weiblich",5,8,3,4,2,2,4,2,6,4,3,3,3,2,3,3,4,"Ja",4,2,2,3,2,3.8,5.333333333333333,2.833333333333333,1.1384550815620997
20,"gavyuag7y50vrnte",1,"2023-12-06T10:28:44Z","KeinAnreiz",NA,TRUE,45,"weiblich",5,3,7,3,0,0,5,6,4,4,0,2,2,2,1,3,3,"Ja",0,2,4,3,3,2.2,5,3,1.2896047694696593
22,"jrtvub5unza924sb",1,"2023-12-06T10:35:32Z","KeinAnreiz",NA,TRUE,23,"weiblich",9,8,6,4,4,3,3,1,1,3,6,2,4,2,2,4,4,"Ja",5,3,3,3,3,3.6,7.666666666666667,3.5,1.4786206629388952
23,"b3yzsbhfu47brwr1",1,"2023-12-06T10:38:53Z","KeinAnreiz",NA,TRUE,52,"weiblich",6,6,6,2,2,2,2,3,1,4,3,2,3,3,3,3,0,"Ja",3,2,2,2,3,2.2,6,2.166666666666667,1.7188640483204136
24,"ueegt791htxk3jls",1,"2023-12-06T10:46:42Z","Anreiz","krimi",TRUE,23,"männlich",4,6,7,0,0,0,1,3,1,5,0,2,4,2,5,4,4,"Ja",3,1,0,3,3,1.2,5.666666666666667,3,2.0297022325644347
25,"odwj5nf62t77mo2e",1,"2023-12-06T10:58:11Z","Anreiz","reinkarnation",FALSE,24,"weiblich",4,7,6,2,1,3,2,4,2,4,1,2,1,1,2,3,4,"Ja",2,2,3,4,3,1.8,5.666666666666667,3,1.6299937837225802
26,"rookh3trt1yj2bxd",1,"2023-12-06T11:00:45Z","KeinAnreiz",NA,FALSE,22,"weiblich",2,2,2,1,2,0,3,4,4,4,1,2,4,2,3,4,4,"Ja",2,2,2,3,3,2.4,2,3.333333333333333,1.3606372745067437
27,"7klqa844odugjmpq",1,"2023-12-06T11:07:49Z","Anreiz","reinkarnation",TRUE,61,"weiblich",10,8,9,4,4,2,1,5,0,4,0,5,5,0,2,5,5,"Ja",1,2,3,5,0,0.8,9,3.833333333333333,1.5565419812919865
28,"uubdur3xrq2jkr2f",1,"2023-12-06T11:08:02Z","KeinAnreiz",NA,FALSE,42,"weiblich",6,6,7,4,4,0,3,1,2,3,2,1,4,0,1,4,5,"Ja",5,3,4,5,4,3,6.333333333333333,4.333333333333333,1.3141293143982404
29,"etb74s4kfocznjx8",1,"2023-12-06T11:23:50Z","KeinAnreiz",NA,FALSE,23,"weiblich",10,9,10,4,4,4,1,5,0,5,0,3,3,3,3,2,2,"Ja",1,1,2,2,2,0.6,9.666666666666666,2.166666666666667,1.1358068362139666
30,"9u7a9za1dr2jghcr",1,"2023-12-06T11:25:53Z","KeinAnreiz",NA,TRUE,40,"männlich",4,5,3,1,2,1,4,2,5,1,4,1,5,0,0,4,4,"Ja",4,5,5,5,4,4.4,4,4.5,1.2733766644515714
31,"j6vg1e78d0qy1b6j",1,"2023-12-06T11:30:33Z","Anreiz","krimi",TRUE,49,"weiblich",8,8,8,4,4,4,1,5,1,5,0,4,1,2,3,1,1,"Ja",1,1,2,3,1,0.8,8,1.5,1.440525115779557
32,"s9n9z69nc54eox4c",1,"2023-12-06T11:38:07Z","KeinAnreiz",NA,TRUE,20,"weiblich",4,8,6,4,3,1,5,2,3,4,1,2,2,2,1,4,4,"Ja",4,2,4,3,3,3,6,3.333333333333333,1.6459889276757538
33,"fq274n2qcfbo2jm8",1,"2023-12-06T11:40:42Z","KeinAnreiz",NA,FALSE,21,"männlich",5,4,6,3,3,2,5,2,5,2,2,1,4,2,4,4,4,"Ja",4,4,1,3,4,4,5,3.333333333333333,1.3933504497283205
34,"akcj6nu9lmwkesoo",1,"2023-12-06T11:45:53Z","Anreiz","krimi",TRUE,20,"weiblich",8,4,4,3,2,2,1,2,1,6,0,3,2,2,3,4,4,"Ja",4,0,2,3,2,1.2,5.333333333333333,2.833333333333333,1.583711800626607
35,"nxvdhmnxlv420xrk",1,"2023-12-06T11:46:06Z","Anreiz","reinkarnation",FALSE,21,"weiblich",3,2,2,0,0,0,1,6,2,3,0,2,1,2,2,2,2,"Ja",0,3,3,3,3,1.2,2.333333333333333,2.333333333333333,1.351445636524709
150,"6glj7j648e41a68m",2,"2023-12-06T11:53:39Z","Anreiz","reinkarnation",FALSE,35,"weiblich",5,1,4,3,2,0,0,6,0,4,0,3,2,1,3,0,0,"Ja",0,2,2,4,2,0.4,3.333333333333333,1.666666666666667,1.175260296937236
151,"vh80usjzuywucp4d",2,"2023-12-06T12:03:38Z","KeinAnreiz",NA,TRUE,61,"männlich",9,8,9,3,4,3,0,5,0,5,0,1,4,1,1,2,2,"Ja",1,1,4,4,4,0.4,8.666666666666666,3.333333333333333,1.3138358695864576
152,"lc1upokw1b4a5z64",2,"2023-12-06T12:12:52Z","Anreiz","krimi",TRUE,20,"weiblich",7,8,6,4,2,2,1,3,1,4,0,2,4,1,1,4,5,"Ja",3,2,4,4,3,1.4,7,4,1.4804373185792061
36,"g4vkd853wvaprxs3",1,"2023-12-06T12:25:21Z","Anreiz","reinkarnation",TRUE,20,"weiblich",5,6,7,4,3,2,5,3,6,2,4,3,4,2,2,4,3,"Ja",3,4,3,3,2,4.4,6,3.166666666666667,1.6827146621743159
221,"q7j2z0v43zsgb2ux",3,"2023-12-06T12:37:35Z","KeinAnreiz",NA,FALSE,22,"weiblich",3,1,4,1,0,0,4,1,5,2,3,2,2,2,4,4,3,"Ja",5,4,1,3,3,4.2,2.666666666666667,2.666666666666667,1.436844952553864
222,"yjgrqp16h944h8uy",3,"2023-12-06T12:47:59Z","Anreiz","reinkarnation",TRUE,20,"männlich",6,3,3,2,1,3,1,1,0,2,5,1,3,1,0,2,1,"Ja",5,4,5,4,4,3,4,3.166666666666667,1.6263133587691958
223,"px931ga49rl7mx76",3,"2023-12-06T13:04:48Z","Anreiz","krimi",FALSE,21,"weiblich",7,5,3,2,1,0,5,1,5,1,5,3,3,3,2,1,3,"Ja",5,5,3,2,2,5,5,2.333333333333333,1.397407091130665
154,"tqzae8nd6pal7ps2",2,"2023-12-06T13:13:52Z","Anreiz","krimi",FALSE,20,"weiblich",7,8,6,3,3,3,4,2,4,1,0,1,1,1,1,4,3,"Ja",4,5,4,4,4,3.4,7,3.333333333333333,1.2202296447912964
155,"e8ullyde22pzt017",2,"2023-12-06T13:19:03Z","KeinAnreiz",NA,FALSE,21,"weiblich",0,0,4,4,0,0,4,1,4,1,2,1,3,0,3,3,3,"Ja",5,5,2,5,4,4,1.333333333333333,3.333333333333333,1.0796894371425925
156,"q8lszq2rfmm4qjqd",2,"2023-12-06T13:20:36Z","KeinAnreiz",NA,TRUE,24,"weiblich",6,3,7,4,4,4,5,3,4,1,3,2,4,1,2,5,5,"Ja",3,5,3,4,3,4,5.333333333333333,4,1.1939223193417425
157,"yfj4wv56wo2b969c",2,"2023-12-06T13:33:11Z","KeinAnreiz",NA,TRUE,23,"männlich",5,4,6,2,2,2,0,5,2,4,0,3,2,1,3,3,5,"Ja",1,2,2,4,2,1,5,3,1.3285241185363215
158,"touebwh3egwbsy9e",2,"2023-12-06T13:38:08Z","Anreiz","reinkarnation",FALSE,20,"weiblich",8,7,8,3,2,2,4,5,3,3,0,3,3,3,4,2,2,"Ja",1,3,1,2,2,2.2,7.666666666666667,2,1.1695233987168867
159,"xk6fnqatqey74yv4",2,"2023-12-06T13:38:14Z","KeinAnreiz",NA,FALSE,19,"weiblich",10,7,7,4,4,2,1,4,1,5,1,2,4,2,2,2,4,"Ja",2,1,3,3,3,1.2,8,3.166666666666667,1.0414220331773192
224,"4pblunf8cu3x8qb7",3,"2023-12-06T13:43:25Z","Anreiz","krimi",TRUE,21,"weiblich",8,7,7,3,2,1,1,5,0,4,0,2,4,2,3,3,3,"Ja",1,2,2,3,3,0.8,7.333333333333333,3,1.1467969136962317
225,"4a16ebxs0x1oxrbn",3,"2023-12-06T13:51:50Z","Anreiz","krimi",FALSE,59,"weiblich",10,10,10,4,4,4,0,5,0,6,0,3,2,3,3,2,2,"Ja",1,0,2,2,2,0.2,10,2,1.0240374007800597
37,"x5k6tuzbyqjapdf1",1,"2023-12-06T14:08:16Z","KeinAnreiz",NA,FALSE,21,"männlich",10,5,9,3,4,1,0,6,0,6,0,3,5,4,4,1,1,"Ja",0,0,1,1,2,0,8,1.833333333333333,0.9228182868514402
160,"90p5j50vm4wxvbpn",2,"2023-12-06T14:18:53Z","KeinAnreiz",NA,FALSE,22,"weiblich",8,6,8,1,0,1,3,2,0,6,0,3,4,4,5,3,2,"Ja",4,0,0,1,2,1.4,7.333333333333333,2,0.8381610641205193
38,"2dz0heo0p3pt8e5h",1,"2023-12-06T14:19:36Z","Anreiz","reinkarnation",TRUE,23,"männlich",4,5,4,3,2,1,2,3,1,2,0,3,3,2,3,0,1,"Ja",3,4,2,3,2,2,4.333333333333333,1.833333333333333,0.909956185029776
39,"uxpzxq0esx26gtvj",1,"2023-12-06T14:41:03Z","KeinAnreiz",NA,TRUE,50,"männlich",5,7,6,4,4,4,0,6,0,6,0,4,2,4,3,0,2,"Ja",0,0,2,1,1,0,6,1.333333333333333,0.9921711464330161
161,"ubtlq9ub4yr8661l",2,"2023-12-06T14:42:20Z","Anreiz","krimi",FALSE,20,"weiblich",9,7,8,3,3,1,3,3,3,3,2,3,1,3,4,1,1,"Ja",3,3,1,2,2,2.8,8,1.333333333333333,0.8977266523221383
226,"o0bph72aoq610lvg",3,"2023-12-06T14:49:18Z","KeinAnreiz",NA,FALSE,20,"männlich",5,5,5,2,2,2,3,3,3,3,3,2,3,2,4,2,3,"Ja",3,3,1,3,3,3,5,2.5,0.8180933363512136
227,"3c3fweu9zshdt7n8",3,"2023-12-06T14:49:24Z","KeinAnreiz",NA,FALSE,24,"weiblich",2,2,2,0,0,0,5,1,5,4,4,3,1,3,4,4,3,"Ja",5,2,1,2,2,4.2,2,2.166666666666667,0.7501950562374088
40,"klznldu6zrkvp9n7",1,"2023-12-06T14:57:11Z","Anreiz","krimi",FALSE,56,"weiblich",3,4,5,3,4,3,3,3,3,3,3,2,3,2,4,4,4,"Ja",3,3,1,3,3,3,4,3,0.6917276127977678
228,"kdem65xkpo1hra1w",3,"2023-12-06T15:34:10Z","KeinAnreiz",NA,FALSE,24,"männlich",3,8,5,4,2,1,3,1,5,2,3,1,3,2,2,2,3,"Ja",5,4,3,3,4,4,5.333333333333333,3,0.6409360234519441
163,"mqgx5gdjrfpoj8re",2,"2023-12-06T15:40:23Z","KeinAnreiz",NA,FALSE,20,"weiblich",6,5,8,3,4,3,3,4,2,3,4,3,4,2,4,3,3,"Ja",2,3,1,3,2,2.8,6.333333333333333,2.666666666666667,0.5964640580825412
229,"m92uua8r2dopbrno",3,"2023-12-06T16:00:49Z","KeinAnreiz",NA,FALSE,21,"weiblich",7,4,6,1,1,1,5,6,3,2,2,3,3,1,4,4,5,"Ja",0,4,1,4,2,2.8,5.666666666666667,3.166666666666667,0.557248889081394
42,"175m3ktryxtnj7dv",1,"2023-12-06T16:04:02Z","Anreiz","reinkarnation",FALSE,22,"weiblich",10,8,8,4,4,3,1,4,0,3,0,1,3,1,1,1,1,"Ja",2,3,4,4,4,1.2,8.666666666666666,2.833333333333333,0.5224475362215709
43,"e96308xubb37v2lm",1,"2023-12-06T16:04:09Z","KeinAnreiz",NA,TRUE,19,"männlich",3,4,4,2,1,0,3,4,0,3,1,4,1,4,5,0,1,"Ja",2,3,0,1,1,1.8,3.666666666666667,0.666666666666667,0.5534725487162578
44,"e9ayz0lcg5a5z075",1,"2023-12-06T16:05:44Z","KeinAnreiz",NA,TRUE,19,"weiblich",5,5,5,4,3,3,1,3,3,2,1,3,3,4,1,1,3,"Ja",3,4,4,1,2,2.4,5,2.333333333333333,0.5877006991988744
45,"8e9mjjfbma7ucz7f",1,"2023-12-06T16:07:54Z","KeinAnreiz",NA,TRUE,20,"weiblich",7,6,6,4,4,1,3,5,3,5,1,2,5,0,1,5,5,"Ja",1,1,4,5,3,1.8,6.333333333333333,4.5,0.6255851438951705
46,"gmtr2ayrnfrddbg5",1,"2023-12-06T16:09:18Z","KeinAnreiz",NA,FALSE,18,"männlich",0,0,0,3,0,0,4,2,3,1,1,1,2,1,3,5,5,"Ja",4,5,2,4,4,3.4,0,3.666666666666667,0.5835039069674858
47,"gjse43m6df4h5sr6",1,"2023-12-06T16:10:18Z","Anreiz","krimi",TRUE,18,"männlich",7,8,7,3,4,3,1,4,2,4,1,3,3,2,3,2,2,"Ja",2,2,2,3,2,1.6,7.333333333333333,2.333333333333333,0.6207730631035742
48,"am6zm3vmr06vuflc",1,"2023-12-06T16:15:32Z","Anreiz","reinkarnation",TRUE,20,"weiblich",6,5,5,2,2,2,4,3,5,4,3,2,3,3,3,2,2,"Ja",3,2,2,2,3,3.4,5.333333333333333,2.333333333333333,0.6621173385911056
164,"clrw61tw8s38xh4a",2,"2023-12-06T16:20:30Z","Anreiz","reinkarnation",TRUE,20,"weiblich",8,6,9,4,3,3,5,3,5,3,4,3,0,2,4,2,2,"Ja",3,3,1,3,2,4,7.666666666666667,1.666666666666667,0.7081414231544949
165,"r0xd023nj8bfwoek",2,"2023-12-06T16:21:41Z","KeinAnreiz",NA,TRUE,22,"weiblich",5,4,4,4,4,3,4,4,3,1,1,0,5,1,3,4,4,"Ja",2,5,2,4,5,3,4.333333333333333,4,0.7595615682854197
230,"jukbs8asd5spge9e",3,"2023-12-06T16:23:15Z","Anreiz","krimi",FALSE,27,"männlich",5,6,5,2,2,2,3,3,3,4,1,3,2,2,3,2,1,"Ja",3,2,2,3,2,2.4,5.333333333333333,2,0.7019360967140014
231,"013brc83ze4lwd1g",3,"2023-12-06T16:25:52Z","KeinAnreiz",NA,FALSE,60,"männlich",5,4,4,2,4,3,2,2,3,2,3,3,3,3,4,2,2,"Ja",4,4,1,2,2,3.2,4.333333333333333,2,0.6515285639354069
232,"5re53qu26cbjcctv",3,"2023-12-06T16:26:28Z","KeinAnreiz",NA,FALSE,28,"männlich",7,7,6,4,3,4,0,4,0,6,0,4,2,5,4,3,3,"Ja",2,0,1,0,1,0.4,6.666666666666667,1.666666666666667,0.6071375633862683
49,"71amps5pald6ch8n",1,"2023-12-06T16:37:51Z","KeinAnreiz",NA,TRUE,19,"weiblich",4,3,7,4,4,0,2,4,1,2,0,2,4,1,3,5,4,"Ja",2,4,2,4,3,1.8,4.666666666666667,3.666666666666667,0.6464635641556307
50,"2s3u8rjannqdccwd",1,"2023-12-06T16:41:02Z","KeinAnreiz",NA,TRUE,20,"weiblich",8,7,10,4,2,1,1,5,0,5,0,3,2,3,4,1,0,"Ja",1,1,1,2,2,0.6,8.333333333333334,1.333333333333333,0.6900946116733281
233,"wfh3a6j21se8mvw4",3,"2023-12-06T16:42:20Z","KeinAnreiz",NA,TRUE,48,"weiblich",8,8,9,4,4,4,3,5,1,5,0,2,3,2,2,1,0,"Ja",1,1,3,3,3,1.2,8.333333333333334,2.166666666666667,0.7386654096482068
51,"y22f0ed6hlxvnq5x",1,"2023-12-06T16:47:15Z","Anreiz","reinkarnation",TRUE,19,"weiblich",8,7,7,3,1,1,6,3,1,2,3,2,3,3,1,4,3,"Ja",3,4,4,2,3,3.4,7.333333333333333,3.166666666666667,0.7929258077794167
52,"qmptvhogror8as2q",1,"2023-12-06T16:53:00Z","KeinAnreiz",NA,FALSE,25,"weiblich",5,5,4,4,2,2,1,2,5,2,6,2,2,3,3,2,2,"Ja",4,4,2,2,3,4,4.666666666666667,2.166666666666667,0.7321377402320044
53,"6rbx6tr0yxzd7a4p",1,"2023-12-06T17:03:18Z","KeinAnreiz",NA,TRUE,20,"männlich",8,6,8,4,4,0,0,3,1,5,0,3,4,2,4,4,4,"Ja",3,1,1,3,2,1,7.333333333333333,3,0.785362022934166
166,"a61gxl31ruhx40jc",2,"2023-12-06T17:09:57Z","Anreiz","reinkarnation",FALSE,60,"weiblich",5,9,7,3,2,1,3,5,0,3,0,2,3,3,2,4,3,"Ja",1,3,3,2,3,1.4,7,3,0.7258084257953432
234,"tnv2zp4s6l1qajcf",3,"2023-12-06T17:21:21Z","KeinAnreiz",NA,TRUE,60,"männlich",8,8,8,4,3,0,0,6,0,6,0,4,1,5,4,1,2,"Ja",0,0,1,0,1,0,8,1,0.7780406316785881
235,"9jz91h8o0pntzv9o",3,"2023-12-06T17:22:45Z","Anreiz","reinkarnation",TRUE,52,"männlich",8,6,7,3,3,1,3,2,2,1,5,1,3,3,3,4,5,"Ja",4,5,2,2,4,3.8,7,3.333333333333333,0.8364585732127018
54,"8tjrmzf01ffocmz2",1,"2023-12-06T17:31:14Z","KeinAnreiz",NA,TRUE,62,"männlich",7,6,7,2,3,3,1,4,2,5,1,3,3,1,2,3,3,"Ja",2,1,3,4,2,1.4,6.666666666666667,3,0.902033239025608
55,"zlxkzn1cg8kvep9m",1,"2023-12-06T17:32:05Z","KeinAnreiz",NA,FALSE,21,"weiblich",6,4,8,4,4,3,4,3,3,3,1,2,3,2,3,3,2,"Ja",3,3,2,3,3,2.8,6,2.666666666666667,0.8282340509585202
236,"okemq1c2p42gzadz",3,"2023-12-06T17:35:28Z","Anreiz","krimi",FALSE,24,"weiblich",7,5,6,2,1,0,0,5,1,4,0,3,2,3,4,2,2,"Ja",1,2,1,2,2,0.8,6,1.833333333333333,0.7640711091244655
56,"s6lb0sqlnuz0h93d",1,"2023-12-06T17:35:43Z","Anreiz","reinkarnation",FALSE,20,"weiblich",5,7,4,4,3,3,4,3,4,4,1,0,1,1,2,5,4,"Ja",3,2,3,4,5,2.8,5.333333333333333,3.666666666666667,0.7079067085167987
167,"xbuafk66f675koz3",2,"2023-12-06T17:41:00Z","KeinAnreiz",NA,TRUE,21,"weiblich",6,7,7,4,3,2,1,3,2,1,0,3,4,2,1,1,2,"Ja",3,5,4,3,2,2.2,6.666666666666667,2.666666666666667,0.7573986987113853
57,"0ayo5v73e40t7ke3",1,"2023-12-06T17:43:24Z","Anreiz","krimi",TRUE,19,"weiblich",8,1,3,4,2,0,0,1,2,3,4,5,0,5,0,5,0,"Ja",5,3,5,0,0,2.8,4,1.666666666666667,0.8125618376476921
58,"06z4u9lm5v2lnrqf",1,"2023-12-06T17:46:28Z","Anreiz","krimi",TRUE,21,"weiblich",3,5,5,4,4,4,5,2,5,2,3,0,4,0,1,5,5,"Ja",4,4,4,5,5,4.2,4.333333333333333,4.666666666666667,0.8742552580844156
59,"l0sdncx0a0ztb3ll",1,"2023-12-06T17:57:49Z","Anreiz","krimi",TRUE,50,"weiblich",9,5,10,3,3,0,3,3,1,4,1,1,4,1,3,4,4,"Ja",3,2,2,4,4,2,8,3.666666666666667,0.9434960809525744
60,"q1r0g5p1yb3jlbpr",1,"2023-12-06T17:58:24Z","Anreiz","reinkarnation",TRUE,21,"weiblich",5,5,4,4,2,3,6,1,1,1,2,4,1,3,3,1,4,"Ja",5,5,2,2,1,3.8,4.666666666666667,1.833333333333333,1.0214930536493274
237,"10qm8jcbtp8obzyl",3,"2023-12-06T18:03:39Z","Anreiz","krimi",FALSE,21,"weiblich",4,6,3,3,3,2,1,1,5,1,3,1,4,2,4,5,5,"Ja",5,5,1,3,4,3.8,4.333333333333333,3.666666666666667,0.9334234187569084
61,"7wop6vfxl6rllfkb",1,"2023-12-06T18:06:05Z","Anreiz","krimi",TRUE,20,"weiblich",9,10,8,3,2,3,4,5,1,6,0,4,4,4,4,0,1,"Ja",1,0,1,1,1,1.2,9,1.333333333333333,1.0097303108061115
168,"024kzmnujd300q8k",2,"2023-12-06T18:09:04Z","Anreiz","reinkarnation",TRUE,20,"weiblich",3,3,3,4,1,0,2,4,2,5,3,4,0,4,2,1,0,"Ja",2,1,3,1,1,2,3,1,1.0958946266363212
238,"7rbqcgnah35ox3gx",3,"2023-12-06T18:22:28Z","Anreiz","krimi",TRUE,22,"weiblich",10,10,10,4,4,4,3,5,1,2,0,3,3,2,4,4,4,"Ja",1,4,1,3,2,1.8,10,2.833333333333333,1.1935649606393086
62,"upku5nzmrxdsvgfd",1,"2023-12-06T18:22:34Z","Anreiz","krimi",TRUE,20,"weiblich",2,1,2,2,1,1,3,4,1,1,0,2,1,2,3,3,2,"Ja",2,5,2,3,3,2.2,1.666666666666667,2.333333333333333,1.3047196196877122
63,"rc4ookoo3vo097dw",1,"2023-12-06T18:49:24Z","KeinAnreiz",NA,FALSE,22,"weiblich",7,5,8,2,3,1,3,5,1,2,4,2,4,3,1,4,5,"Ja",1,4,4,2,3,2.6,6.666666666666667,3.666666666666667,1.1779450807168175
239,"6ew9uc07f02fq3g9",3,"2023-12-06T18:49:28Z","KeinAnreiz",NA,TRUE,61,"männlich",9,9,9,4,4,4,0,6,0,5,0,4,3,5,4,4,4,"Ja",0,1,1,0,1,0.2,9,2.166666666666667,1.2862834645158885
240,"xzrrmmgxz3egn9no",3,"2023-12-06T18:49:49Z","Anreiz","reinkarnation",FALSE,22,"weiblich",5,5,5,1,0,0,3,3,3,3,2,0,0,0,3,4,4,"Ja",3,3,2,5,5,2.8,5,3.333333333333333,1.1629097692409425
64,"cm3redrmv2u6v592",1,"2023-12-06T19:12:16Z","KeinAnreiz",NA,FALSE,22,"weiblich",4,3,3,3,3,2,5,3,2,2,4,4,4,1,5,4,2,"Ja",3,4,0,4,1,3.6,3.333333333333333,2.5,1.0574160279374794
65,"wtsc4tpblnxg5qwd",1,"2023-12-06T19:14:15Z","KeinAnreiz",NA,TRUE,19,"weiblich",8,8,8,3,2,2,2,4,2,3,1,2,3,3,2,4,4,"Ja",2,3,3,2,3,2,8,3.166666666666667,1.1484230017501704
66,"m9hjgt66gokq4jzo",1,"2023-12-06T19:31:52Z","KeinAnreiz",NA,FALSE,21,"weiblich",2,2,2,2,0,0,5,2,2,2,4,3,3,1,2,4,4,"Ja",4,4,3,4,2,3.8,2,3.333333333333333,1.0454634178330284
241,"9gecn2pfhyhjzt1x",3,"2023-12-06T19:34:06Z","KeinAnreiz",NA,FALSE,31,"weiblich",3,3,4,3,2,2,5,4,5,1,0,2,2,3,5,5,4,"Ja",2,5,0,2,3,3.4,3.333333333333333,2.666666666666667,0.9565909207040715
67,"84pr4s02m3cbom59",1,"2023-12-06T19:35:59Z","Anreiz","krimi",TRUE,22,"weiblich",5,3,5,1,1,1,3,5,0,3,0,3,2,2,4,5,5,"Ja",1,3,1,3,2,1.4,4.333333333333333,3,1.0339063550837186
69,"cg8hoppacj2jdcv2",1,"2023-12-06T20:15:32Z","Anreiz","krimi",FALSE,22,"weiblich",7,4,4,4,3,3,2,2,4,1,4,1,0,0,2,5,5,"Ja",4,5,3,5,4,3.8,5,3.666666666666667,0.9469555260363746
70,"8bz9xbwf4010n6fx",1,"2023-12-06T20:16:20Z","KeinAnreiz",NA,FALSE,20,"weiblich",9,8,9,4,3,2,0,0,0,5,0,2,3,2,2,5,5,"Ja",6,1,3,3,3,1.4,8.666666666666666,3.666666666666667,0.8712673741478244
242,"s7ls4kzeampcq4o2",3,"2023-12-06T20:49:17Z","Anreiz","reinkarnation",FALSE,26,"divers",2,1,2,1,4,0,3,3,4,1,0,2,2,3,5,4,3,"Ja",3,5,0,2,3,3,1.666666666666667,2.333333333333333,0.8049812451850006
71,"05e5kv6fc8ccsylb",1,"2023-12-06T20:53:06Z","KeinAnreiz",NA,TRUE,20,"weiblich",8,8,8,4,3,3,4,4,1,4,1,2,4,1,2,3,3,"Ja",2,2,3,4,3,2,8,3.333333333333333,0.863402673697477
243,"ym233fumjybm28z9",3,"2023-12-06T20:56:09Z","Anreiz","krimi",FALSE,23,"weiblich",6,7,5,3,1,1,1,5,3,2,1,1,1,1,3,4,4,"Ja",1,4,2,4,4,2,6,3.166666666666667,0.7983178108351084
72,"ecxqwpkq0svdo2xy",1,"2023-12-06T21:02:24Z","Anreiz","reinkarnation",TRUE,22,"weiblich",4,4,6,4,2,0,0,6,0,3,0,1,4,1,2,4,4,"Ja",0,3,3,4,4,0.6,4.666666666666667,3.833333333333333,0.8557548160395074
73,"hh6kyulq3m6k62qr",1,"2023-12-06T21:06:38Z","KeinAnreiz",NA,TRUE,22,"weiblich",0,0,0,1,1,1,1,3,1,3,1,3,4,3,3,4,4,"Ja",3,3,2,2,2,1.8,0,3,0.9197341110622581
74,"yxceeh7ub4suvepe",1,"2023-12-06T21:15:47Z","Anreiz","krimi",TRUE,21,"weiblich",8,4,6,3,4,2,4,5,4,2,0,3,2,2,3,3,2,"Ja",1,4,2,3,2,2.6,6,2.333333333333333,0.9912210264808309
75,"3ry36chyudemv569",1,"2023-12-06T21:26:25Z","KeinAnreiz",NA,TRUE,20,"männlich",8,7,9,3,2,4,4,3,2,5,1,3,2,4,4,3,2,"Ja",3,1,1,1,2,2.2,8,1.833333333333333,1.071351387440159
244,"joo9zzmu95405rcx",3,"2023-12-06T21:31:31Z","Anreiz","reinkarnation",TRUE,24,"männlich",7,9,9,3,3,3,0,3,0,4,0,1,4,2,3,5,5,"Ja",3,2,2,3,4,1,8.333333333333334,3.833333333333333,1.1614660306157343
245,"2w4eoh43su5qsgnw",3,"2023-12-06T21:44:48Z","Anreiz","krimi",FALSE,25,"weiblich",6,2,5,3,2,3,4,1,4,0,1,2,3,0,2,3,3,"Ja",5,6,3,5,3,4,4.333333333333333,3.333333333333333,1.059915926612381
246,"my62doj4lgyg94de",3,"2023-12-06T22:07:57Z","KeinAnreiz",NA,FALSE,24,"weiblich",3,3,3,4,3,0,2,3,1,3,0,2,2,3,1,1,1,"Ja",3,3,4,2,3,1.8,3,2.166666666666667,0.9717562573959647
76,"8xlvff1qbd9vh28l",1,"2023-12-06T22:12:06Z","Anreiz","krimi",FALSE,55,"weiblich",6,7,5,4,4,4,0,6,0,5,0,2,0,0,0,0,0,"Ja",0,1,5,5,3,0.2,6,2.166666666666667,0.8947607789137334
169,"p6dmhrwhbhfu2wsf",2,"2023-12-06T22:12:22Z","Anreiz","reinkarnation",TRUE,20,"weiblich",8,10,9,4,4,4,6,1,6,1,6,2,3,2,1,4,4,"Ja",5,5,4,3,3,5.6,9,3.5,0.9624399623026614
77,"so8jgtf7uauck2nj",1,"2023-12-06T22:41:18Z","KeinAnreiz",NA,FALSE,22,"weiblich",0,0,0,1,1,1,6,2,4,1,6,3,2,4,2,2,2,"Ja",4,5,3,1,2,5,0,2,0.8868820777331923
78,"2uythf5ybtmus93b",1,"2023-12-06T23:06:48Z","Anreiz","krimi",TRUE,20,"weiblich",6,8,3,3,3,2,5,3,1,4,1,2,3,2,2,3,3,"Ja",3,2,3,3,3,2.4,5.666666666666667,3,0.9533834756510998
247,"f5qq4pkql8e2z78d",3,"2023-12-07T00:33:47Z","KeinAnreiz",NA,TRUE,23,"weiblich",5,4,7,2,3,2,5,2,2,3,4,2,5,1,2,4,4,"Ja",4,3,3,4,3,3.6,5.333333333333333,3.833333333333333,1.0276256763819178
79,"h35zpzlpjtnxhfhh",1,"2023-12-07T05:26:13Z","KeinAnreiz",NA,TRUE,21,"männlich",8,7,8,4,4,4,1,5,1,5,0,3,3,4,3,2,2,"Ja",1,1,2,1,2,0.8,7.666666666666667,2,1.110763153883938
248,"y7yu4981ma4b5n8e",3,"2023-12-07T06:11:57Z","Anreiz","krimi",FALSE,50,"weiblich",2,2,2,2,1,1,6,0,6,0,6,4,2,4,4,5,0,"Ja",6,6,1,1,1,6,2,1.666666666666667,1.017480101278399
80,"lh1fynzhjl54vv4v",1,"2023-12-07T07:01:50Z","Anreiz","krimi",FALSE,43,"weiblich",6,3,5,3,2,1,1,4,1,4,1,3,4,3,4,2,3,"Ja",2,2,1,2,2,1.4,4.666666666666667,2.333333333333333,0.936002321493027
81,"4g7fzghe2vyjt5h6",1,"2023-12-07T07:18:26Z","Anreiz","reinkarnation",FALSE,25,"weiblich",8,7,7,4,1,1,2,6,1,4,0,2,0,1,1,5,5,"Ja",0,2,4,4,3,1,7.333333333333333,3.5,0.8644469175112899
82,"dyllb6g431unq1m2",1,"2023-12-07T07:42:01Z","KeinAnreiz",NA,FALSE,57,"männlich",9,9,9,4,4,4,0,6,0,5,0,4,1,3,4,0,0,"Ja",0,1,1,2,1,0.2,9,0.833333333333333,0.8012835261757343
83,"919evmn1gpkplrqm",1,"2023-12-07T07:42:24Z","KeinAnreiz",NA,TRUE,61,"weiblich",7,7,7,4,2,2,2,5,0,4,0,3,3,4,3,3,3,"Ja",1,2,2,1,2,1,7,2.333333333333333,0.8573403578219362
84,"hr671j8hpf54cfnk",1,"2023-12-07T07:54:05Z","Anreiz","krimi",FALSE,31,"weiblich",5,9,6,3,1,1,0,4,0,3,0,3,2,3,3,2,2,"Ja",2,3,2,2,2,1,6.666666666666667,2,0.7951988611786165
170,"kxdps68sog5410p3",2,"2023-12-07T08:17:44Z","KeinAnreiz",NA,TRUE,19,"weiblich",7,7,6,4,4,4,4,4,3,3,1,3,2,3,4,3,3,"Ja",2,3,1,2,2,2.6,6.666666666666667,2.166666666666667,0.8504067452690084
249,"ywa5n3hgmu89xrgk",3,"2023-12-07T08:20:05Z","Anreiz","krimi",TRUE,22,"weiblich",6,8,2,1,1,1,1,2,4,2,1,1,4,1,3,4,4,"Ja",4,4,2,4,4,2.8,5.333333333333333,3.666666666666667,0.9116008940927502
250,"pmn31j366ykv7f0g",3,"2023-12-07T09:18:17Z","Anreiz","krimi",FALSE,18,"weiblich",8,9,7,3,4,4,2,4,1,3,0,3,4,1,4,2,3,"Ja",2,3,1,4,2,1.6,8,2.666666666666667,0.8436389844629874
85,"8cvqpylr7spgnpq1",1,"2023-12-07T09:41:21Z","KeinAnreiz",NA,TRUE,77,"weiblich",4,3,4,4,4,1,0,6,0,4,0,3,4,2,2,5,5,"Ja",0,2,3,3,2,0.4,3.666666666666667,3.666666666666667,0.9038745304266923
86,"jwq3or2rpa4wx1f3",1,"2023-12-07T10:04:27Z","KeinAnreiz",NA,TRUE,49,"männlich",7,6,6,2,1,2,4,5,4,3,3,2,3,2,3,4,4,"Ja",1,3,2,3,3,3,6.333333333333333,3.166666666666667,0.9707687543369105
87,"6tl1zgwlcup2zywg",1,"2023-12-07T10:31:35Z","KeinAnreiz",NA,FALSE,21,"weiblich",2,3,2,0,1,0,4,2,5,2,1,2,3,2,3,3,3,"Ja",4,4,2,3,3,3.6,2.333333333333333,2.833333333333333,0.896337711900777
88,"4ndmnga0fsnrfa83",1,"2023-12-07T10:35:04Z","KeinAnreiz",NA,TRUE,18,"weiblich",5,2,4,3,2,3,4,3,4,2,2,3,2,3,3,1,1,"Ja",3,4,2,2,2,3.4,3.666666666666667,1.666666666666667,0.9621484750178676
89,"u737c6h4mjujtaqo",1,"2023-12-07T10:42:45Z","Anreiz","krimi",TRUE,21,"weiblich",8,9,8,4,2,3,1,4,0,4,0,2,2,1,4,4,4,"Ja",2,2,1,4,3,1,8.333333333333334,3,1.0353745168966968
251,"vhuxvznxjd3vqn4k",3,"2023-12-07T11:11:51Z","KeinAnreiz",NA,FALSE,22,"weiblich",8,7,8,3,2,2,5,4,0,2,0,4,1,4,3,3,3,"Ja",2,4,2,1,1,2.2,7.666666666666667,1.833333333333333,0.9537450065004703
252,"b74xog79xxrmhup0",3,"2023-12-07T11:13:23Z","KeinAnreiz",NA,TRUE,45,"männlich",10,10,10,4,4,4,0,4,1,5,0,5,1,5,4,0,2,"Ja",2,1,1,0,0,0.8,10,0.666666666666667,1.0257453061943476
253,"zk0gb2sd1q2f8awv",3,"2023-12-07T11:22:19Z","Anreiz","reinkarnation",TRUE,22,"weiblich",7,9,8,3,3,2,3,5,0,5,0,5,2,4,5,3,3,"Ja",1,1,0,1,0,1,8,1.5,1.106013036925124
90,"h80kro3uyhg3o5of",1,"2023-12-07T11:57:39Z","Anreiz","reinkarnation",FALSE,25,"weiblich",9,6,9,4,1,0,3,5,2,3,0,2,2,3,3,1,4,"Ja",1,3,2,2,3,1.8,8,2.333333333333333,1.0163643002800875
91,"1kwfz3vf93djefl8",1,"2023-12-07T13:07:05Z","Anreiz","krimi",TRUE,20,"weiblich",6,7,8,4,3,3,3,2,0,3,0,0,4,2,1,2,3,"Ja",4,3,4,3,5,2,7,3.5,1.0952440256820333
92,"a5bbc1mprf0t27eq",1,"2023-12-07T13:35:18Z","KeinAnreiz",NA,FALSE,75,"männlich",7,3,8,4,3,3,0,5,1,5,0,3,2,3,3,2,2,"Ja",1,1,2,2,2,0.6,6,2,1.007221015368384
254,"9nca3uvc5sydhob4",3,"2023-12-07T14:06:36Z","Anreiz","reinkarnation",TRUE,21,"männlich",7,8,7,3,1,0,3,5,1,2,0,2,3,1,3,3,2,"Ja",1,4,2,4,3,1.8,7.333333333333333,2.833333333333333,1.0847593868026972
93,"rfq7t365uuqoo3ys",1,"2023-12-07T14:24:25Z","Anreiz","krimi",FALSE,35,"weiblich",7,7,6,2,1,0,5,5,5,1,5,2,4,1,3,4,4,"Ja",1,5,2,4,3,4.2,6.666666666666667,3.5,0.9983055788858984
94,"1xlrm12mwzrg0cdn",1,"2023-12-07T14:32:52Z","Anreiz","krimi",TRUE,56,"weiblich",6,6,6,3,3,3,3,3,3,3,3,3,3,3,3,3,3,"Ja",3,3,2,2,2,3,6,2.5,1.0745469280434499
95,"kj47lz7hda2bp9ww",1,"2023-12-07T15:14:35Z","KeinAnreiz",NA,TRUE,40,"weiblich",10,9,9,4,4,4,0,5,0,6,0,0,1,0,1,4,4,"Ja",1,0,4,5,5,0.2,9.333333333333334,3.833333333333333,1.1595622579162834
255,"oth5d2149f0gphc8",3,"2023-12-07T15:15:57Z","KeinAnreiz",NA,TRUE,50,"männlich",2,1,3,4,0,0,3,5,3,4,0,2,3,2,2,3,3,"Ja",1,2,3,3,3,1.8,2,3,1.2546243731523272
96,"5neob841lgs9mz77",1,"2023-12-07T15:59:06Z","KeinAnreiz",NA,TRUE,32,"weiblich",3,4,6,0,0,0,4,4,1,2,1,3,1,1,3,4,5,"Ja",2,4,2,4,2,2.4,4.333333333333333,3,1.3612231250496467
256,"9ybls2kvfqewo97m",3,"2023-12-07T16:55:01Z","KeinAnreiz",NA,FALSE,66,"weiblich",7,6,7,2,1,0,1,5,1,4,0,3,1,3,3,2,2,"Ja",1,2,2,2,2,1,6.666666666666667,1.833333333333333,1.2414820201750942
98,"j4e70yvu9bea8tgg",1,"2023-12-07T17:05:06Z","Anreiz","reinkarnation",FALSE,18,"männlich",4,6,5,1,1,1,0,5,2,2,0,3,4,2,2,4,4,"Ja",1,4,3,3,2,1.4,5,3.333333333333333,1.137020994291712
257,"u3xxmwn08zqr1bca",3,"2023-12-07T18:14:12Z","Anreiz","krimi",FALSE,83,"weiblich",8,7,9,3,2,3,1,5,4,4,0,5,3,2,2,3,4,"Ja",1,2,3,3,0,1.6,8,2.666666666666667,1.0454311601334332
171,"4al4jr1rj5qdxcrj",2,"2023-12-07T18:28:40Z","Anreiz","reinkarnation",FALSE,38,"weiblich",3,4,4,1,1,2,4,1,4,0,3,3,2,3,4,2,2,"Ja",5,6,1,2,2,4.4,3.666666666666667,1.833333333333333,0.9647438407631644
258,"0pk6g0wu3qj1cl8q",3,"2023-12-07T18:38:38Z","KeinAnreiz",NA,FALSE,47,"weiblich",5,2,2,3,3,1,4,1,5,1,3,1,5,1,1,5,5,"Ja",5,5,4,4,4,4.4,3,4.5,0.8933405146977131
172,"c36rggnw2sr976m8",2,"2023-12-07T19:02:21Z","Anreiz","krimi",TRUE,57,"männlich",4,3,6,3,2,0,1,5,4,3,1,3,1,4,3,3,4,"Ja",1,3,2,1,2,2,4.333333333333333,2.166666666666667,0.9568380054070247
99,"274en7xn4zteycbl",1,"2023-12-07T19:50:46Z","Anreiz","krimi",TRUE,29,"weiblich",10,10,10,4,4,4,1,1,0,6,0,0,5,5,1,1,0,"Ja",5,0,4,0,5,1.2,10,2.5,1.0271879892109501
100,"wvcn1kzgvgdw6u6y",1,"2023-12-07T19:53:55Z","Anreiz","krimi",TRUE,21,"weiblich",2,1,2,1,1,2,4,5,3,1,0,3,2,3,4,3,2,"Ja",1,5,1,2,2,2.6,1.666666666666667,2,1.1053260292762068
101,"eva39e8dhkrvwcke",1,"2023-12-07T20:04:20Z","Anreiz","krimi",FALSE,43,"männlich",5,8,5,3,1,1,1,5,1,5,1,3,4,3,1,3,3,"Ja",1,1,4,2,2,1,6,3,1.0183892856804861
102,"kuch0tzqwyzpde99",1,"2023-12-07T20:29:06Z","Anreiz","reinkarnation",TRUE,23,"weiblich",5,3,3,3,2,1,6,3,2,1,1,3,4,1,4,4,4,"Ja",3,5,1,4,2,3.4,3.666666666666667,3.166666666666667,1.095280135762971
103,"cz8aprwr7l7m7pfh",1,"2023-12-07T21:02:59Z","KeinAnreiz",NA,FALSE,22,"weiblich",7,6,10,4,4,1,3,5,1,3,0,2,4,2,2,4,4,"Ja",1,3,3,3,3,1.6,7.666666666666667,3.5,1.0097948332751856
104,"smmgf779sfq16ptz",1,"2023-12-07T23:08:46Z","KeinAnreiz",NA,TRUE,24,"männlich",2,2,2,4,4,0,5,3,5,1,5,2,3,4,4,3,4,"Ja",3,5,1,1,3,4.6,2,2.5,1.0854766852666695
105,"x8qsrqgp39rjg1gm",1,"2023-12-08T00:37:46Z","KeinAnreiz",NA,TRUE,23,"weiblich",3,3,3,1,0,1,2,4,3,2,0,4,4,1,1,4,4,"Ja",2,4,4,4,1,2.2,3,3.5,1.1696255373605446
106,"ux38qt7jq5rjrv4q",1,"2023-12-08T05:36:44Z","Anreiz","krimi",TRUE,19,"weiblich",7,6,8,3,2,2,1,5,0,4,0,2,2,3,2,4,3,"Ja",1,2,3,2,3,0.8,7,2.833333333333333,1.2634292479566167
107,"lxrhgj7lrbrbyhec",1,"2023-12-08T06:30:10Z","Anreiz","krimi",TRUE,20,"männlich",3,7,2,0,0,1,2,2,1,1,1,2,4,1,3,4,4,"Ja",4,5,2,4,3,2.6,4,3.5,1.3682709196229574
108,"gcsh7vbrkn0zw1jf",1,"2023-12-08T06:32:50Z","Anreiz","reinkarnation",TRUE,24,"weiblich",5,3,4,3,2,3,5,1,4,3,4,4,4,1,4,5,4,"Ja",5,3,1,4,1,4.2,4,3.166666666666667,1.4857651320441838
109,"hnkqh6jznsevc2f1",1,"2023-12-08T07:01:50Z","Anreiz","reinkarnation",TRUE,20,"männlich",5,4,5,2,3,1,2,4,2,5,1,2,2,2,4,1,1,"Ja",2,1,1,3,3,1.6,4.666666666666667,1.833333333333333,1.6178015915346295
110,"gf4jsvuzgmoznnyv",1,"2023-12-08T08:24:25Z","KeinAnreiz",NA,TRUE,21,"weiblich",6,4,5,3,3,1,3,2,5,2,4,1,3,1,2,5,5,"Ja",4,4,3,4,4,4,5,4,1.7665978449293096
111,"zfp702fotwllpv0w",1,"2023-12-08T08:55:44Z","Anreiz","krimi",TRUE,41,"männlich",9,9,9,3,4,2,0,2,0,4,0,3,2,1,5,4,5,"Ja",4,2,0,4,2,1.2,9,2.833333333333333,1.934763098453685
112,"yye4ttz5e049o097",1,"2023-12-08T09:00:26Z","Anreiz","reinkarnation",FALSE,53,"männlich",8,7,8,3,2,3,1,5,0,5,0,2,3,2,2,4,4,"Ja",1,1,3,3,3,0.6,7.666666666666667,3.333333333333333,1.7444224756425883
113,"5oslow80lb1vfbrs",1,"2023-12-08T09:15:47Z","KeinAnreiz",NA,FALSE,70,"weiblich",8,8,8,4,4,4,0,6,0,5,6,1,4,5,5,2,1,"Ja",0,1,0,0,4,1.4,8,1.833333333333333,1.5800535782250629
114,"lle10v4psdsohyut",1,"2023-12-08T09:16:04Z","KeinAnreiz",NA,TRUE,50,"weiblich",7,8,8,3,3,2,4,3,5,5,4,3,3,4,4,4,4,"Ja",3,1,1,1,2,3.4,7.666666666666667,2.5,1.722899215623394
115,"rrkvzh5uls8ecuvm",1,"2023-12-08T09:17:03Z","Anreiz","reinkarnation",FALSE,20,"weiblich",5,7,7,3,1,0,0,6,1,5,0,2,4,1,4,4,4,"Ja",0,1,1,4,3,0.4,6.333333333333333,3.333333333333333,1.5619691939585876
116,"2c41k3xn8wbwtso2",1,"2023-12-08T09:18:11Z","KeinAnreiz",NA,TRUE,66,"weiblich",9,9,9,4,4,4,0,3,0,3,0,3,3,3,3,3,3,"Ja",3,3,2,2,2,1.2,9,2.5,1.7019987173875597
117,"slkydn2q6729h5nx",1,"2023-12-08T09:19:24Z","KeinAnreiz",NA,FALSE,57,"weiblich",6,5,8,3,3,1,0,5,1,5,0,5,1,4,5,1,1,"Ja",1,1,0,1,0,0.6,6.333333333333333,0.666666666666667,1.5443809983905443
118,"68wvsfpfmvak2cm2",1,"2023-12-08T09:21:29Z","Anreiz","krimi",FALSE,41,"weiblich",8,9,8,3,3,3,3,4,3,2,4,0,4,5,4,1,0,"Ja",2,4,1,0,5,3.2,8.333333333333334,1.833333333333333,1.425387201724463
119,"11547ur58rzlq8yr",1,"2023-12-08T10:10:22Z","KeinAnreiz",NA,TRUE,46,"weiblich",6,6,6,4,4,4,4,6,2,4,0,3,2,3,3,3,0,"Ja",0,2,2,2,2,1.6,6,1.833333333333333,1.5272679513669627
120,"l81nh7o65mz2qg47",1,"2023-12-08T10:53:40Z","KeinAnreiz",NA,TRUE,49,"weiblich",6,5,6,3,3,3,3,5,0,3,0,2,5,2,3,5,5,"Ja",1,3,2,3,3,1.4,5.666666666666667,3.833333333333333,1.6619572569933694
121,"0yqooma9ct2bft1z",1,"2023-12-08T11:44:35Z","KeinAnreiz",NA,FALSE,26,"männlich",7,5,7,4,4,4,5,1,5,4,0,2,3,2,3,3,1,"Ja",5,2,2,3,3,3.4,6.333333333333333,2.5,1.5106102048173238
122,"tb278teuehmckmtb",1,"2023-12-08T12:03:58Z","KeinAnreiz",NA,TRUE,22,"weiblich",10,10,10,4,4,4,0,6,0,6,0,1,5,0,2,5,5,"Ja",0,0,3,5,4,0,10,4.5,1.6427658633785291
123,"ramj3qclvvreu6sk",1,"2023-12-08T13:10:04Z","Anreiz","reinkarnation",FALSE,21,"männlich",5,7,8,4,2,1,4,2,3,3,0,4,1,2,3,1,1,"Ja",4,3,2,3,1,2.8,6.666666666666667,1.5,1.494389019005088
124,"ka7jhkw4j92ocprk",1,"2023-12-08T13:34:55Z","KeinAnreiz",NA,TRUE,46,"weiblich",7,8,8,4,3,4,1,5,1,5,0,1,3,2,3,1,1,"Ja",1,1,2,3,4,0.8,7.666666666666667,2.333333333333333,1.62409614243139
125,"bovze341gt7zlfku",1,"2023-12-08T14:58:45Z","KeinAnreiz",NA,FALSE,16,"weiblich",4,6,2,2,3,4,1,3,1,4,0,3,2,4,2,3,3,"Ja",3,2,3,1,2,1.4,4,2.333333333333333,1.4785866856215923
126,"yr31sb9hz6nhtxmn",1,"2023-12-08T15:02:17Z","KeinAnreiz",NA,TRUE,45,"männlich",7,7,7,4,4,4,5,4,5,2,4,2,4,2,4,5,5,"Ja",2,4,1,3,3,4,7,3.5,1.605926329463775
127,"r295uevc3y272mz3",1,"2023-12-08T15:32:23Z","Anreiz","krimi",TRUE,50,"weiblich",10,9,9,4,2,0,1,6,1,6,1,1,4,3,1,4,4,"Ja",0,0,4,2,4,0.6,9.333333333333334,3.666666666666667,1.7488213823024485
173,"0nvmq50268ul0rny",2,"2023-12-08T17:11:42Z","Anreiz","krimi",FALSE,19,"weiblich",5,3,5,2,0,0,5,2,2,5,0,4,2,3,4,2,2,"Ja",4,1,1,2,1,2.4,4.333333333333333,1.666666666666667,1.5882358686029738
128,"c9qpukaabn65uepe",1,"2023-12-08T18:17:55Z","KeinAnreiz",NA,TRUE,65,"weiblich",5,5,5,0,0,0,0,4,0,4,0,1,3,1,1,3,3,"Ja",2,2,4,4,4,0.8,5,3.5,1.728447898651467
129,"ppr5cw9rcx900xdn",1,"2023-12-08T18:20:54Z","KeinAnreiz",NA,FALSE,37,"weiblich",8,10,9,3,3,1,1,6,1,4,0,3,1,0,3,2,4,"Ja",0,2,2,5,2,0.8,9,2.666666666666667,1.571005329854844
130,"wf8t3qel9qv5jfgz",1,"2023-12-08T21:35:52Z","KeinAnreiz",NA,FALSE,22,"männlich",4,2,4,3,2,1,2,5,5,1,3,2,4,2,3,3,2,"Ja",1,5,2,3,3,3.2,3.333333333333333,2.833333333333333,1.4335297496538222
131,"vpvpdch87rkfrglj",1,"2023-12-08T21:48:07Z","KeinAnreiz",NA,FALSE,53,"weiblich",3,3,2,4,4,4,6,0,2,1,6,4,1,4,4,1,0,"Ja",6,5,1,1,1,5,2.666666666666667,0.833333333333333,1.3129568183107756
132,"4law1p0cwxt4mx3y",1,"2023-12-08T22:43:34Z","Anreiz","reinkarnation",TRUE,63,"weiblich",7,4,8,3,4,3,0,6,0,6,0,1,4,2,2,3,2,"Ja",0,0,3,3,4,0,6.333333333333333,3.166666666666667,1.4192440231931411
174,"49mz2p27ls67yvxo",2,"2023-12-09T10:26:12Z","Anreiz","krimi",FALSE,20,"männlich",3,4,2,2,2,1,1,3,4,3,2,3,1,1,4,4,4,"Ja",3,3,1,4,2,2.6,3,2.666666666666667,1.3007457001985496
134,"6rcq7phxy83afrvt",1,"2023-12-09T11:58:45Z","KeinAnreiz",NA,FALSE,19,"weiblich",7,9,7,3,4,2,4,2,4,1,3,1,3,1,3,4,3,"Ja",4,5,2,4,4,4,7.666666666666667,3.333333333333333,1.1962768904867784
175,"dpu5kgjvtdkj32u4",2,"2023-12-09T12:01:53Z","KeinAnreiz",NA,TRUE,38,"männlich",6,8,8,4,3,3,1,2,1,3,1,4,3,3,3,2,1,"Ja",4,3,2,2,1,2,7.333333333333333,1.833333333333333,1.2888141735269698
259,"4lcxu5zecmdcvl4l",3,"2023-12-09T14:20:06Z","KeinAnreiz",NA,FALSE,24,"weiblich",2,2,2,3,2,0,1,2,0,4,2,2,4,2,1,4,4,"Ja",4,2,4,3,3,1.8,2,3.666666666666667,1.1860220365419023
135,"wbpst9j19yscutdn",1,"2023-12-09T16:05:27Z","KeinAnreiz",NA,FALSE,18,"männlich",0,3,4,0,1,2,6,3,5,1,5,1,4,2,3,5,5,"Ja",3,5,2,3,4,4.8,2.333333333333333,3.833333333333333,1.094959125688867
260,"xmkmh871e6fmnxbr",3,"2023-12-09T19:45:51Z","KeinAnreiz",NA,TRUE,61,"männlich",8,6,8,3,3,3,1,5,1,5,1,3,4,2,4,5,4,"Ja",1,1,1,3,2,1,7.333333333333333,3.166666666666667,1.1759879829860433
261,"z1xgm8x2z1y2xahe",3,"2023-12-09T21:04:51Z","Anreiz","krimi",TRUE,23,"männlich",5,3,6,1,1,0,2,5,1,3,0,5,1,4,4,1,1,"Ja",1,3,1,1,0,1.4,4.666666666666667,0.833333333333333,1.2657503117108286
262,"s30lquwf6n76yabv",3,"2023-12-11T10:04:27Z","Anreiz","krimi",FALSE,20,"männlich",3,2,6,1,1,1,4,2,4,1,2,2,2,4,1,4,4,"Ja",4,5,4,1,3,3.8,3.666666666666667,3,1.1661672281540432
97,"lqdl6ub5qts0v5g7",1,"2023-12-11T23:16:46Z","Anreiz","krimi",TRUE,39,"männlich",8,9,8,3,2,2,5,4,1,5,0,1,5,1,4,2,2,"Ja",2,1,1,4,4,1.8,8.333333333333334,3,1.2545993651808791
263,"fye7jxf2kjhfbc56",3,"2023-12-11T23:33:33Z","KeinAnreiz",NA,TRUE,22,"weiblich",7,4,1,4,4,2,6,3,6,6,6,2,5,2,4,5,5,"Ja",3,0,1,3,3,4.2,4,3.666666666666667,1.3527210288385982
264,"oezp4c5p1cdxxygz",3,"2023-12-11T23:33:36Z","KeinAnreiz",NA,TRUE,18,"männlich",4,9,5,2,4,3,3,3,5,1,6,3,1,5,1,2,3,"Ja",3,5,4,0,2,4.4,6,2,1.4618410569726519
265,"yt4pktbrc0tr9g82",3,"2023-12-12T02:03:04Z","KeinAnreiz",NA,TRUE,21,"weiblich",7,8,6,3,2,1,3,4,4,3,1,1,4,1,1,2,4,"Ja",2,3,4,4,4,2.6,7,3.666666666666667,1.5834731671117348
136,"mezadl02yzt4293o",1,"2023-12-12T07:00:30Z","KeinAnreiz",NA,FALSE,43,"weiblich",7,7,7,3,3,2,1,4,3,4,1,4,2,2,3,2,3,"Ja",2,2,2,3,1,1.8,7,2.166666666666667,1.4477029057870934
176,"nx0mgyqsm3ytqzzo",2,"2023-12-12T11:30:26Z","Anreiz","krimi",FALSE,22,"männlich",3,5,8,3,1,0,0,4,1,4,0,3,3,2,2,4,2,"Ja",2,2,3,3,2,1,5.333333333333333,2.833333333333333,1.3281871019479345
177,"jm7kblcp24h985cs",2,"2023-12-12T11:41:50Z","Anreiz","krimi",TRUE,18,"weiblich",6,3,4,3,2,1,1,4,2,3,2,2,2,2,3,4,4,"Ja",2,3,2,3,3,2,4.333333333333333,3,1.4338896575789528
178,"pbzuptm3bv7hzm71",2,"2023-12-12T11:46:05Z","Anreiz","reinkarnation",TRUE,23,"männlich",5,4,5,3,1,2,4,3,3,2,0,3,2,2,4,3,4,"Ja",3,4,1,3,2,2.8,4.666666666666667,2.5,1.5515549656696925
179,"yxll20uoo9wkem07",2,"2023-12-12T12:28:50Z","KeinAnreiz",NA,TRUE,20,"weiblich",6,4,5,3,2,1,5,4,2,4,1,3,4,2,2,4,4,"Ja",2,2,3,3,2,2.4,5,3.333333333333333,1.6828389754355475
180,"gtjkah37v90g56om",2,"2023-12-12T12:51:00Z","Anreiz","krimi",TRUE,21,"weiblich",3,3,3,1,2,1,3,3,2,2,4,2,3,2,3,1,1,"Ja",3,4,2,3,3,3.2,3,2.166666666666667,1.8296619460741255
266,"7z2h6thgxtv4prrc",3,"2023-12-12T13:31:07Z","KeinAnreiz",NA,TRUE,23,"männlich",6,9,7,4,4,1,0,4,1,5,0,4,2,3,3,1,1,"Ja",2,1,2,2,1,0.8,7.333333333333333,1.5,1.9942555471901446
137,"8258bjv6b17a28hc",1,"2023-12-12T13:58:02Z","KeinAnreiz",NA,TRUE,18,"weiblich",5,4,8,4,2,2,1,5,1,4,0,3,5,2,4,4,4,"Ja",1,2,1,3,2,1,5.666666666666667,3.166666666666667,2.1792191402638066
181,"kmo5xhy1mqq53cc4",2,"2023-12-12T14:15:33Z","Anreiz","krimi",FALSE,18,"weiblich",0,1,3,4,2,0,0,3,0,0,0,2,4,0,0,1,4,"Ja",3,6,5,5,3,1.8,1.333333333333333,3.666666666666667,1.9710937139459899
182,"4vcm5rgen4xsxp8d",2,"2023-12-12T14:48:23Z","Anreiz","krimi",TRUE,21,"männlich",2,2,2,3,1,1,3,1,5,5,0,3,3,2,3,4,4,"Ja",5,1,2,3,2,2.8,2,3,2.1525548878775553
138,"xyq44725lhleypex",1,"2023-12-12T15:11:14Z","KeinAnreiz",NA,FALSE,24,"weiblich",4,4,5,3,3,3,5,2,3,1,1,2,3,2,2,4,4,"Ja",4,5,3,3,3,3.6,4.333333333333333,3.333333333333333,1.9485252995836275
267,"ztwk82egd1b1ogaq",3,"2023-12-12T15:22:57Z","Anreiz","krimi",FALSE,23,"weiblich",8,10,9,3,2,3,0,5,1,4,1,1,3,1,3,4,3,"Ja",1,2,2,4,4,1,9,3.333333333333333,1.7706408046480644
268,"2y1lbj17mcsa7u65",3,"2023-12-12T16:14:53Z","KeinAnreiz",NA,FALSE,20,"weiblich",3,3,3,4,4,4,0,6,3,6,0,3,1,4,2,4,3,"Ja",0,0,3,1,2,0.6,3,2.333333333333333,1.6149048144452323
139,"wpodoorbegve0xft",1,"2023-12-12T17:40:49Z","Anreiz","reinkarnation",FALSE,25,"weiblich",7,9,3,4,4,2,4,3,4,1,3,2,3,0,0,3,4,"Ja",3,5,5,5,3,3.8,6.333333333333333,3.833333333333333,1.4780137363856372
183,"9zq9de0ogrjxpqq9",2,"2023-12-12T18:52:52Z","KeinAnreiz",NA,FALSE,24,"weiblich",3,2,3,4,2,0,3,5,3,0,3,0,2,2,0,2,0,"Ja",1,6,5,3,5,3.2,2.666666666666667,2.833333333333333,1.3572244270511873
140,"7mce5h0r20g59nwy",1,"2023-12-12T20:04:00Z","Anreiz","krimi",TRUE,44,"weiblich",8,9,10,3,4,1,0,6,0,4,0,3,1,1,2,4,3,"Ja",0,2,3,4,2,0.4,9,2.833333333333333,1.4642796391016697
270,"au5k22ge0pth2yhz",3,"2023-12-12T21:28:31Z","KeinAnreiz",NA,FALSE,23,"weiblich",5,5,5,0,0,0,3,3,3,3,3,2,3,1,3,5,4,"Ja",3,3,2,4,3,3,5,3.5,1.3453913617763853
184,"2n57t47qlyzjkn77",2,"2023-12-12T22:53:13Z","KeinAnreiz",NA,FALSE,20,"männlich",7,7,7,3,3,3,1,1,4,0,6,3,2,2,3,3,3,"Ja",5,6,2,3,2,4.4,7,2.5,1.2400152522044425
141,"czeo1yfzs7gg7935",1,"2023-12-13T06:44:00Z","Anreiz","reinkarnation",TRUE,25,"männlich",9,9,9,1,0,0,4,4,2,3,0,3,3,3,3,3,2,"Ja",2,3,2,2,2,2.2,9,2.333333333333333,1.3338046718639858
185,"ryy6p9k6g0klzbzm",2,"2023-12-13T10:51:44Z","KeinAnreiz",NA,TRUE,21,"weiblich",7,9,5,4,4,3,2,5,0,6,0,1,1,4,4,2,0,"Ja",1,0,1,1,4,0.6,7,1.5,1.4376986473470899
271,"fneqz8fg304vk1c4",3,"2023-12-13T13:23:19Z","Anreiz","krimi",FALSE,27,"weiblich",10,10,10,4,4,4,3,3,1,5,0,3,0,1,3,0,0,"Ja",3,1,2,4,2,1.6,10,1.333333333333333,1.3224564200734632
142,"y0dnqcc7q229wpw9",1,"2023-12-13T13:55:39Z","Anreiz","reinkarnation",FALSE,49,"weiblich",0,1,0,4,1,0,3,3,1,5,0,1,2,4,1,2,4,"Ja",3,1,4,1,4,1.6,0.333333333333333,2.833333333333333,1.2201526215772103
143,"eg9wb6pqw898lyzs",1,"2023-12-14T06:15:10Z","Anreiz","krimi",TRUE,23,"weiblich",6,4,5,3,2,2,4,2,2,3,2,1,3,2,1,3,3,"Ja",4,3,4,3,4,3,5,3.333333333333333,1.3113390119998924
144,"yngh851kjuxfg2w7",1,"2023-12-14T16:43:12Z","KeinAnreiz",NA,FALSE,23,"weiblich",8,7,6,3,4,3,3,5,4,3,2,3,3,3,3,3,2,"Ja",1,3,2,2,2,2.6,7,2.333333333333333,1.2105114607129845
145,"pkl9r6pe62lbly6r",1,"2023-12-15T12:19:19Z","KeinAnreiz",NA,FALSE,23,"weiblich",2,1,2,4,4,4,4,2,2,3,0,1,5,2,2,3,3,"Ja",4,3,3,3,4,2.6,1.666666666666667,3.5,1.1206343946582258
186,"alorcosv3h22jaa3",2,"2023-12-19T17:13:49Z","Anreiz","reinkarnation",TRUE,20,"weiblich",5,7,7,3,4,1,1,4,0,4,0,4,2,4,3,3,2,"Ja",2,2,2,1,1,1,6.333333333333333,1.833333333333333,1.2010559028534864
187,"7cvjrwaotamo8roh",2,"2023-12-19T17:50:26Z","Anreiz","reinkarnation",FALSE,23,"männlich",7,6,5,4,3,3,3,2,3,3,1,2,4,1,3,3,3,"Ja",4,3,2,4,3,2.8,6,3.166666666666667,1.1123986721390495
188,"mpzpp7u9954yckhe",2,"2023-12-21T17:31:44Z","KeinAnreiz",NA,FALSE,21,"männlich",3,6,3,3,1,1,4,1,2,4,1,3,2,4,4,3,3,"Ja",5,2,1,1,2,2.8,4,2,1.0330616442920515
272,"xmac47tty6yw9gt2",3,"2023-12-23T11:11:17Z","Anreiz","reinkarnation",TRUE,62,"männlich",10,10,10,4,3,0,0,6,0,6,0,3,4,2,3,4,4,"Ja",0,0,2,3,2,0,10,3.166666666666667,1.10431314415247
273,"jwkljbt1szgruhpw",3,"2023-12-23T11:15:54Z","Anreiz","reinkarnation",TRUE,50,"weiblich",9,9,9,3,3,3,0,6,0,6,0,4,1,1,1,1,1,"Ja",0,0,4,4,1,0,9,2,1.1826795239649741
274,"1xyfkdn8jbemfb9l",3,"2023-12-24T17:01:10Z","Anreiz","reinkarnation",TRUE,55,"weiblich",2,2,2,0,0,0,0,5,0,5,0,4,3,3,3,3,2,"Ja",1,1,2,2,1,0.4,2,2.166666666666667,1.2690369276078943
189,"s92z7u9y9vp22xkm",2,"2023-12-29T09:06:49Z","Anreiz","krimi",TRUE,25,"divers",5,4,5,4,2,1,2,4,1,3,0,2,2,3,3,2,2,"Ja",2,3,2,2,3,1.6,4.666666666666667,2.166666666666667,1.364386553408615
190,"rbtx45mro64hdlvg",2,"2023-12-29T09:11:42Z","Anreiz","krimi",TRUE,20,"weiblich",2,2,2,1,1,0,2,2,4,2,1,2,3,3,1,1,2,"Ja",4,4,4,2,3,3,2,2.5,1.4698746589137763
191,"9er4htl761nkez1u",2,"2023-12-29T09:55:26Z","KeinAnreiz",NA,TRUE,18,"weiblich",6,3,5,3,1,2,2,3,3,3,1,2,3,2,2,3,3,"Ja",3,3,3,3,3,2.4,4.666666666666667,3,1.5868160767530273
192,"kuzjj8jqf0wt50q0",2,"2023-12-29T15:47:50Z","KeinAnreiz",NA,FALSE,29,"männlich",10,7,10,4,0,0,0,0,0,6,0,5,0,5,4,2,0,"Ja",6,0,1,0,0,1.2,9,0.5,1.4570112980879184
193,"rl6zsmhx5v61b170",2,"2023-12-29T15:55:33Z","KeinAnreiz",NA,FALSE,22,"weiblich",6,8,7,4,3,3,6,1,3,1,4,3,2,2,2,3,3,"Ja",5,5,3,3,2,4.6,7,2.666666666666667,1.3418739646910776
194,"pkw8714j8uvf16n7",2,"2023-12-29T16:05:40Z","Anreiz","reinkarnation",FALSE,21,"männlich",10,2,8,2,0,0,0,6,3,4,3,1,1,4,1,2,3,"Ja",0,2,4,1,4,1.6,6.666666666666667,2.5,1.2394068425558562
195,"3yvmlo0f9u6raa6e",2,"2023-12-29T17:03:24Z","KeinAnreiz",NA,FALSE,28,"männlich",9,10,9,1,0,0,5,6,0,5,0,4,2,4,3,2,1,"Ja",0,1,2,1,1,1.2,9.333333333333334,1.5,1.1479232243232067
196,"5re4soeclg2bxc5f",2,"2023-12-29T17:54:17Z","KeinAnreiz",NA,FALSE,21,"weiblich",5,3,3,1,1,1,3,2,3,3,0,2,4,0,2,4,4,"Ja",4,3,3,5,3,2.6,3.666666666666667,3.833333333333333,1.0659934142652734
197,"tn5n7epu6t29l22z",2,"2023-12-29T19:21:34Z","Anreiz","krimi",TRUE,21,"weiblich",5,5,4,4,3,3,0,4,0,3,1,2,1,1,3,5,5,"Ja",2,3,2,4,3,1.2,4.666666666666667,3.333333333333333,1.1396226772355849
148,"dq1u99xwn3yk2pm7",1,"2024-01-02T08:39:18Z","Anreiz","reinkarnation",TRUE,23,"männlich",5,7,6,2,1,0,0,3,0,3,0,2,1,3,3,1,1,"Ja",3,3,2,2,3,1.2,6,1.666666666666667,1.2205650836852187
275,"v1jnrz5xvk6jgysj",3,"2024-01-02T15:07:55Z","KeinAnreiz",NA,TRUE,24,"weiblich",8,7,8,4,4,1,1,5,1,5,0,3,2,4,3,2,2,"Ja",1,1,2,1,2,0.8,7.666666666666667,1.833333333333333,1.3097132758476038
198,"3z1j3muq3egrtnbl",2,"2024-01-03T18:37:24Z","Anreiz","krimi",FALSE,27,"weiblich",8,6,9,4,2,0,1,4,1,5,0,3,1,2,2,3,1,"Ja",2,1,3,3,2,1,7.666666666666667,2.166666666666667,1.211402039873183
199,"k7kl2tqzj8wglanq",2,"2024-01-07T13:47:09Z","KeinAnreiz",NA,TRUE,24,"weiblich",5,5,5,0,0,0,3,3,3,3,3,2,1,3,3,3,4,"Ja",3,3,2,2,3,3,5,2.5,1.2993967449997912
200,"lw36d2prysznfy3d",2,"2024-01-07T15:18:00Z","Anreiz","krimi",TRUE,21,"weiblich",8,7,6,2,1,1,2,4,1,4,4,3,4,3,4,3,4,"Ja",2,2,1,2,2,2.2,7,2.666666666666667,1.3964485893077514
201,"l8koefgvp9cn5369",2,"2024-01-07T15:33:42Z","Anreiz","krimi",FALSE,20,"weiblich",4,4,5,2,2,2,2,5,3,1,3,1,3,2,1,3,3,"Ja",1,5,4,3,4,2.8,4.333333333333333,3.333333333333333,1.2892723028909938
202,"s5a3psdogo9co2yv",2,"2024-01-07T15:40:12Z","KeinAnreiz",NA,FALSE,20,"weiblich",3,3,5,4,2,2,4,1,1,2,0,2,2,3,3,2,2,"Ja",5,4,2,2,3,2.8,3.666666666666667,2.166666666666667,1.1935675212659278
203,"rlwe08qta59jcyzt",2,"2024-01-07T16:18:46Z","Anreiz","krimi",FALSE,20,"weiblich",7,8,8,4,2,3,4,6,1,5,0,3,3,2,2,2,3,"Ja",0,1,3,3,2,1.2,7.666666666666667,2.666666666666667,1.1078480212849244
204,"phzkgghzx7gs0emn",2,"2024-01-07T16:32:26Z","Anreiz","reinkarnation",FALSE,20,"weiblich",3,1,1,2,1,0,5,3,4,1,2,1,1,1,3,4,3,"Ja",3,5,2,4,4,3.8,1.666666666666667,3,1.0308480639218485
205,"b744laavo0rorq41",2,"2024-01-08T12:42:03Z","Anreiz","krimi",FALSE,32,"weiblich",5,3,4,3,2,1,3,3,4,2,1,1,2,1,2,2,2,"Ja",3,4,3,4,4,3,4,2.833333333333333,0.9614860627405182
206,"7gzfj80a7qooufpo",2,"2024-01-08T12:46:06Z","KeinAnreiz",NA,FALSE,60,"weiblich",10,10,10,4,4,4,0,5,0,6,0,3,3,3,2,2,2,"Ja",1,0,3,2,2,0.2,10,2.333333333333333,0.8988347744001423
208,"nkyu51gtw34poahp",2,"2024-01-08T14:57:49Z","KeinAnreiz",NA,TRUE,22,"männlich",4,0,9,2,1,3,4,1,6,2,6,2,3,2,1,4,4,"Ja",5,4,4,3,3,5,4.333333333333333,3.5,0.955594275232577
209,"bop5j53643jw73vr",2,"2024-01-09T08:39:54Z","KeinAnreiz",NA,FALSE,36,"männlich",8,7,4,4,4,4,5,1,5,4,1,3,3,4,4,1,0,"Ja",5,2,1,1,2,3.6,6.333333333333333,1.333333333333333,0.8936269512490018
210,"jqljoungp465uvbf",2,"2024-01-09T10:41:45Z","KeinAnreiz",NA,FALSE,20,"divers",3,6,6,1,1,0,2,4,2,2,2,3,3,1,2,4,4,"Ja",2,4,3,4,2,2.4,5,3.333333333333333,0.8374808585872556
276,"eebswru563oelcwc",3,"2024-01-09T14:01:21Z","KeinAnreiz",NA,FALSE,28,"weiblich",8,8,8,0,0,0,0,5,1,5,1,3,1,3,1,2,0,"Ja",1,1,4,2,2,0.8,8,1.833333333333333,0.7864819387179743
211,"szmad7j7hyfyuk7l",2,"2024-01-09T19:06:04Z","KeinAnreiz",NA,FALSE,19,"weiblich",7,9,9,2,0,0,1,4,0,3,0,2,3,3,5,3,1,"Ja",2,3,0,2,3,1.2,8.333333333333334,2,0.7400465390448278
212,"n5anke4hq1ktr8j9",2,"2024-01-09T19:55:23Z","Anreiz","krimi",TRUE,55,"weiblich",2,3,3,1,1,0,0,4,0,6,0,4,1,4,4,1,1,"Ja",2,0,1,1,1,0.4,2.666666666666667,1,0.7824363993776325
277,"ox77bjk6u57vb5be",3,"2024-01-10T14:37:48Z","KeinAnreiz",NA,FALSE,22,"weiblich",4,8,7,4,3,3,1,4,3,2,0,3,3,1,4,1,2,"Ja",2,4,1,4,2,2,6.333333333333333,2.166666666666667,0.7364401010040191
278,"x1j02mwn7qocmgf1",3,"2024-01-10T14:55:10Z","Anreiz","krimi",FALSE,21,"weiblich",8,5,6,3,1,1,0,5,2,2,0,2,4,2,4,4,3,"Ja",1,4,1,3,3,1.4,6.333333333333333,3,0.694444882240607
279,"rvuvv4gnekvzq0g0",3,"2024-01-10T15:23:07Z","KeinAnreiz",NA,TRUE,18,"männlich",6,9,7,2,3,3,2,0,5,0,6,1,2,2,1,4,4,"Ja",6,6,4,3,4,5,7.333333333333333,3.5,0.7328811221973666
280,"c9cahsznun4tcks0",3,"2024-01-10T16:58:31Z","Anreiz","reinkarnation",FALSE,21,"männlich",4,5,8,2,2,1,1,3,2,3,2,2,4,3,3,4,3,"Ja",3,3,2,2,3,2.2,5.666666666666667,3,0.6912627553850281
281,"denpakgv62dmvbdw",3,"2024-01-10T17:34:21Z","KeinAnreiz",NA,FALSE,19,"männlich",0,0,0,2,4,4,6,3,1,2,5,2,4,1,2,1,1,"Ja",3,4,3,4,3,3.8,0,2.666666666666667,0.6531653892732505
282,"fwdv0bxbj04440mu",3,"2024-01-11T06:42:05Z","Anreiz","reinkarnation",TRUE,22,"weiblich",7,5,9,2,3,3,0,5,1,5,0,3,1,3,5,3,1,"Ja",1,1,0,2,2,0.6,7,1.5,0.688120606417683
283,"hbo3hez9ju2cvo3j",3,"2024-01-11T06:42:58Z","KeinAnreiz",NA,FALSE,23,"weiblich",3,5,2,3,3,2,0,2,0,3,2,2,3,2,2,3,2,"Ja",4,3,3,3,3,1.8,3.333333333333333,2.833333333333333,0.6503479562907393
284,"84gusyajoof93ywc",3,"2024-01-11T07:20:39Z","Anreiz","krimi",FALSE,22,"weiblich",4,7,5,2,2,1,6,1,0,0,0,1,4,1,2,4,4,"Ja",5,6,3,4,4,3.4,5.333333333333333,3.833333333333333,0.6156848158376118
285,"6etsjj9sw8hukqzh",3,"2024-01-11T07:44:12Z","Anreiz","krimi",FALSE,22,"weiblich",2,1,2,2,1,1,5,1,4,3,6,1,1,1,3,5,5,"Ja",5,3,2,4,4,4.6,1.666666666666667,3.5,0.5838103482637306
286,"v4bjs9j74pq64g41",3,"2024-01-11T08:36:01Z","Anreiz","krimi",FALSE,23,"weiblich",8,5,8,3,3,1,2,3,1,3,0,2,2,2,3,2,3,"Ja",3,3,2,3,3,1.8,7,2.5,0.5544424674227162
287,"8cjk25g5qg76e3za",3,"2024-01-11T09:17:32Z","KeinAnreiz",NA,FALSE,23,"männlich",5,5,5,2,1,1,0,1,0,2,0,2,2,3,2,2,3,"Ja",5,4,3,2,3,1.8,5,2.5,0.527332556224545
288,"qjsvmeu9lrzmg0qj",3,"2024-01-11T09:28:10Z","KeinAnreiz",NA,TRUE,25,"männlich",7,9,7,4,3,1,0,5,0,6,0,3,3,4,4,1,2,"Ja",1,0,1,1,2,0.2,7.666666666666667,1.666666666666667,0.552406060643319
213,"4fa5c721y2fbyewu",2,"2024-01-11T09:41:30Z","KeinAnreiz",NA,FALSE,20,"weiblich",8,6,8,4,4,4,4,3,1,4,0,2,4,2,1,4,4,"Ja",3,2,4,3,3,2,7.333333333333333,3.666666666666667,0.5254898944632621
214,"v10cx4la03wadpvj",2,"2024-01-11T10:08:54Z","KeinAnreiz",NA,TRUE,18,"weiblich",10,5,7,4,4,4,1,6,0,5,0,4,1,4,3,2,2,"Ja",0,1,2,1,1,0.4,7.333333333333333,1.5,0.5503913792860083
215,"gbp75etpv0lbyjya",2,"2024-01-11T11:39:48Z","Anreiz","krimi",FALSE,21,"weiblich",7,9,9,4,3,3,4,3,1,3,0,1,2,2,1,2,1,"Ja",3,3,4,3,4,2.2,8.333333333333334,2.666666666666667,0.5236661958613912
289,"xhxf8agn3b0epc5v",3,"2024-01-11T11:47:58Z","Anreiz","krimi",TRUE,25,"weiblich",3,7,5,3,3,3,1,4,1,5,0,2,4,1,3,5,4,"Ja",2,1,2,4,3,1,5,3.666666666666667,0.5483980350406987
290,"dpamam38sxnvvtnr",3,"2024-01-11T15:17:14Z","Anreiz","reinkarnation",TRUE,31,"männlich",9,9,8,4,4,4,4,3,5,4,1,2,3,3,3,3,3,"Ja",3,2,2,2,3,3,8.666666666666666,2.666666666666667,0.5749375293858311
291,"pnfra9j9t6r6g6a8",3,"2024-01-11T15:45:10Z","KeinAnreiz",NA,TRUE,26,"männlich",10,5,6,3,3,1,0,6,0,6,0,3,2,2,3,3,2,"Ja",0,0,2,3,2,0,7,2.333333333333333,0.6034528752522822
293,"vj5whjjlc30ugb5j",3,"2024-01-11T22:40:04Z","KeinAnreiz",NA,TRUE,25,"männlich",5,5,9,2,0,0,0,3,1,2,0,2,4,2,4,3,1,"Ja",3,4,1,3,3,1.6,6.333333333333333,2.5,0.6341307750976577
295,"90h6e68xxp8sp0ro",3,"2024-01-12T19:59:08Z","KeinAnreiz",NA,TRUE,22,"weiblich",8,5,5,3,1,0,0,0,0,0,0,2,0,0,2,5,5,"Ja",6,6,3,5,3,2.4,6,3.5,0.6671787525119367
296,"drp1zsv5xhbqfzf7",3,"2024-01-15T12:48:46Z","KeinAnreiz",NA,TRUE,22,"weiblich",5,6,5,3,1,1,2,5,2,5,1,1,4,2,1,4,4,"Ja",1,1,4,3,4,1.4,5.333333333333333,3.833333333333333,0.7028277887238705
297,"8e08tubuml9ujre9",3,"2024-01-15T12:53:26Z","KeinAnreiz",NA,FALSE,22,"weiblich",3,2,6,1,0,1,1,5,1,3,0,1,3,3,2,3,2,"Ja",1,3,3,2,4,1.2,3.666666666666667,2.833333333333333,0.6643287044032881
298,"kxwxu30da4173oob",3,"2024-01-15T15:17:50Z","Anreiz","krimi",TRUE,22,"weiblich",7,3,7,2,1,2,4,2,3,1,2,2,3,2,3,3,4,"Ja",4,5,2,3,3,3.6,5.666666666666667,3,0.6996921422852201
299,"hqq6cm3qphnugc6b",3,"2024-01-16T07:39:17Z","KeinAnreiz",NA,TRUE,25,"weiblich",3,3,4,3,1,3,5,3,4,1,1,1,5,1,2,5,4,"Ja",3,5,3,4,4,3.6,3.333333333333333,4.166666666666667,0.7378805248176632
216,"170n5g117cjoubkb",2,"2024-01-16T10:16:40Z","Anreiz","krimi",FALSE,19,"weiblich",8,4,3,2,0,0,5,2,5,1,0,2,1,3,3,2,2,"Ja",4,5,2,2,3,3.8,5,2,0.6965942639455502
217,"13c4h1rb1vjn84bn",2,"2024-01-16T10:17:31Z","KeinAnreiz",NA,FALSE,20,"weiblich",2,2,3,3,2,1,3,2,1,1,4,3,3,3,3,3,3,"Ja",4,5,2,2,2,3.4,2.333333333333333,2.5,0.6587280430585745
218,"2ndj4frpnvb67ge0",2,"2024-01-16T10:27:29Z","Anreiz","reinkarnation",TRUE,19,"weiblich",7,8,7,4,4,4,4,3,3,4,1,2,3,2,4,4,4,"Ja",3,2,1,3,3,2.6,7.333333333333333,3,0.6935334140697061
219,"x74g8bouvnsfsuqs",2,"2024-01-16T10:43:07Z","Anreiz","krimi",FALSE,20,"weiblich",4,8,10,4,3,4,6,3,5,3,4,5,5,5,5,5,5,"Ja",3,3,0,0,0,4.2,7.333333333333333,2.5,0.6559761696136314
220,"etl6ct02qb9zkooo",2,"2024-01-18T16:41:36Z","Anreiz","reinkarnation",FALSE,30,"weiblich",10,9,10,4,1,0,3,5,3,5,1,4,2,3,2,3,0,"Ja",1,1,3,2,1,1.8,9.666666666666666,1.833333333333333,0.6214497741631358
301,"x9sl6bmw576cow99",NA,"2024-03-06T15:35:30Z","Anreiz","reinkarnation",FALSE,223,"divers",9,8,9,NA,NA,NA,NA,NA,NA,NA,NA,NA,NA,NA,NA,NA,NA,"Ja",NA,NA,NA,NA,NA,NA,8.666666666666666,NA,0.5896487479357202
302,"22m44zcl6jmranth",NA,"2024-03-06T16:04:58Z","Anreiz","krimi",TRUE,22,"weiblich",7,7,7,NA,NA,NA,NA,NA,NA,NA,NA,NA,NA,NA,NA,NA,NA,"Ja",NA,NA,NA,NA,NA,NA,7,NA,0.6189977982333612
303,"echxrtkwod3xpe4l",NA,"2024-03-06T16:07:23Z","KeinAnreiz",NA,TRUE,22,"weiblich",7,7,7,NA,NA,NA,NA,NA,NA,NA,NA,NA,NA,NA,NA,NA,NA,"Ja",NA,NA,NA,NA,NA,NA,7,NA,0.6505663105591409
304,"43jglskafkemuvky",NA,"2024-03-11T12:24:29Z","KeinAnreiz",NA,FALSE,21,"weiblich",10,6,9,NA,NA,NA,NA,NA,NA,NA,NA,NA,NA,NA,NA,NA,NA,"Ja",NA,NA,NA,NA,NA,NA,8.333333333333334,NA,0.6165727055904487
305,"vkm2bx94tstrffwc",NA,"2024-03-11T12:35:47Z","Anreiz","krimi",TRUE,23,"männlich",8,4,8,NA,NA,NA,NA,NA,NA,NA,NA,NA,NA,NA,NA,NA,NA,"Ja",NA,NA,NA,NA,NA,NA,6.666666666666667,NA,0.6479071615389278
306,"cu6tnndypc11nrf3",NA,"2024-03-11T12:35:51Z","KeinAnreiz",NA,TRUE,21,"männlich",10,10,7,NA,NA,NA,NA,NA,NA,NA,NA,NA,NA,NA,NA,NA,NA,"Ja",NA,NA,NA,NA,NA,NA,9,NA,0.6816461937462495
307,"td449xowr8zgfbyj",NA,"2024-03-11T12:38:10Z","KeinAnreiz",NA,TRUE,21,"männlich",5,2,0,NA,NA,NA,NA,NA,NA,NA,NA,NA,NA,NA,NA,NA,NA,"Ja",NA,NA,NA,NA,NA,NA,2.333333333333333,NA,0.7180217715689594
308,"vgjlvc1pqzsd8txv",NA,"2024-03-11T12:45:48Z","KeinAnreiz",NA,TRUE,24,"männlich",10,10,10,NA,NA,NA,NA,NA,NA,NA,NA,NA,NA,NA,NA,NA,NA,"Ja",NA,NA,NA,NA,NA,NA,10,NA,0.7572921122544497
309,"z498jjeug8sfk406",NA,"2024-03-11T15:11:17Z","KeinAnreiz",NA,TRUE,23,"weiblich",2,3,5,NA,NA,NA,NA,NA,NA,NA,NA,NA,NA,NA,NA,NA,NA,"Ja",NA,NA,NA,NA,NA,NA,3.333333333333333,NA,0.7997450381290654
310,"w10csnu9upxw79mv",NA,"2024-03-13T18:04:31Z","Anreiz","krimi",FALSE,23,"männlich",0,0,0,NA,NA,NA,NA,NA,NA,NA,NA,NA,NA,NA,NA,NA,NA,"Ja",NA,NA,NA,NA,NA,NA,0,NA,0.7538005370299438
311,"3467vonbgwlrmnlr",NA,"2024-03-13T18:04:35Z","KeinAnreiz",NA,TRUE,24,"männlich",7,5,6,NA,NA,NA,NA,NA,NA,NA,NA,NA,NA,NA,NA,NA,NA,"Ja",NA,NA,NA,NA,NA,NA,6,NA,0.7958966198572509
312,"0xfyuaj2t3o1xxzy",NA,"2024-03-13T18:07:22Z","Anreiz","krimi",TRUE,25,"männlich",10,5,3,NA,NA,NA,NA,NA,NA,NA,NA,NA,NA,NA,NA,NA,NA,"Ja",NA,NA,NA,NA,NA,NA,6,NA,0.8414540575154333
313,"0oxybg32ha6k10dt",NA,"2024-03-13T18:12:29Z","KeinAnreiz",NA,FALSE,27,"männlich",6,6,6,NA,NA,NA,NA,NA,NA,NA,NA,NA,NA,NA,NA,NA,NA,"Ja",NA,NA,NA,NA,NA,NA,6,NA,0.7920960404280663
314,"3kx9bu0xsgv0flfx",NA,"2024-03-13T18:16:41Z","KeinAnreiz",NA,FALSE,22,"weiblich",2,3,2,NA,NA,NA,NA,NA,NA,NA,NA,NA,NA,NA,NA,NA,NA,"Ja",NA,NA,NA,NA,NA,NA,2.333333333333333,NA,0.7469431837757567
315,"gkz0lzn46668606a",NA,"2024-03-13T18:17:43Z","KeinAnreiz",NA,FALSE,24,"weiblich",10,6,5,NA,NA,NA,NA,NA,NA,NA,NA,NA,NA,NA,NA,NA,NA,"Ja",NA,NA,NA,NA,NA,NA,7,NA,0.7055536553211785
317,"jny4h91mcwrqm36w",NA,"2024-03-13T18:35:10Z","KeinAnreiz",NA,FALSE,25,"weiblich",1,8,5,NA,NA,NA,NA,NA,NA,NA,NA,NA,NA,NA,NA,NA,NA,"Ja",NA,NA,NA,NA,NA,NA,4.666666666666667,NA,0.6675394059422243
318,"6pgu62gx0lbrkrad",NA,"2024-03-13T18:37:33Z","KeinAnreiz",NA,FALSE,25,"weiblich",5,8,7,NA,NA,NA,NA,NA,NA,NA,NA,NA,NA,NA,NA,NA,NA,"Ja",NA,NA,NA,NA,NA,NA,6.666666666666667,NA,0.6325588356959714
319,"0ecos05p7c2h0unv",NA,"2024-03-13T18:38:59Z","Anreiz","krimi",FALSE,26,"weiblich",9,8,6,NA,NA,NA,NA,NA,NA,NA,NA,NA,NA,NA,NA,NA,NA,"Ja",NA,NA,NA,NA,NA,NA,7.666666666666667,NA,0.6003105566579571
320,"koc7s289sc7d09jx",NA,"2024-03-13T18:39:19Z","KeinAnreiz",NA,TRUE,27,"weiblich",4,6,7,NA,NA,NA,NA,NA,NA,NA,NA,NA,NA,NA,NA,NA,NA,"Ja",NA,NA,NA,NA,NA,NA,5.666666666666667,NA,0.6300971011732682
321,"a6zyhsvpl01kb37r",NA,"2024-03-13T18:39:52Z","Anreiz","krimi",FALSE,29,"weiblich",9,10,9,NA,NA,NA,NA,NA,NA,NA,NA,NA,NA,NA,NA,NA,NA,"Ja",NA,NA,NA,NA,NA,NA,9.333333333333334,NA,0.5980840549514651
322,"z8estyjlnlz1whb2",NA,"2024-03-13T18:42:17Z","KeinAnreiz",NA,FALSE,23,"weiblich",5,7,7,NA,NA,NA,NA,NA,NA,NA,NA,NA,NA,NA,NA,NA,NA,"Ja",NA,NA,NA,NA,NA,NA,6.333333333333333,NA,0.568510486430291
323,"8n2yw9ff6zqy9ql8",NA,"2024-03-13T20:11:14Z","KeinAnreiz",NA,TRUE,23,"männlich",3,3,4,NA,NA,NA,NA,NA,NA,NA,NA,NA,NA,NA,NA,NA,NA,"Ja",NA,NA,NA,NA,NA,NA,3.333333333333333,NA,0.5958804812111272
324,"hhfahvjcae4rdwze",NA,"2024-03-13T20:12:17Z","Anreiz","krimi",TRUE,49,"weiblich",10,8,10,NA,NA,NA,NA,NA,NA,NA,NA,NA,NA,NA,NA,NA,NA,"Ja",NA,NA,NA,NA,NA,NA,9.333333333333334,NA,0.6252518686188614
325,"e3pmmzv5y2n0gjmr",NA,"2024-03-13T20:16:18Z","KeinAnreiz",NA,TRUE,61,"männlich",8,7,9,NA,NA,NA,NA,NA,NA,NA,NA,NA,NA,NA,NA,NA,NA,"Ja",NA,NA,NA,NA,NA,NA,8,NA,0.6568090964845622
326,"jk4cncnc8ckrb522",NA,"2024-03-13T20:17:52Z","KeinAnreiz",NA,TRUE,60,"männlich",8,8,8,NA,NA,NA,NA,NA,NA,NA,NA,NA,NA,NA,NA,NA,NA,"Ja",NA,NA,NA,NA,NA,NA,8,NA,0.6907565808067889
327,"x32zfun3y0u3fsp4",NA,"2024-03-13T20:43:14Z","KeinAnreiz",NA,TRUE,56,"männlich",5,5,5,NA,NA,NA,NA,NA,NA,NA,NA,NA,NA,NA,NA,NA,NA,"Ja",NA,NA,NA,NA,NA,NA,5,NA,0.7273211518632805
328,"edqh9g7lavzthedc",NA,"2024-03-13T21:03:23Z","KeinAnreiz",NA,FALSE,62,"weiblich",9,9,9,NA,NA,NA,NA,NA,NA,NA,NA,NA,NA,NA,NA,NA,NA,"Ja",NA,NA,NA,NA,NA,NA,9,NA,0.6878958981315935
329,"55w0zsozqchqbywr",NA,"2024-03-13T21:11:14Z","KeinAnreiz",NA,FALSE,87,"männlich",5,3,4,NA,NA,NA,NA,NA,NA,NA,NA,NA,NA,NA,NA,NA,NA,"Ja",NA,NA,NA,NA,NA,NA,4,NA,0.6516170314033491
330,"tqp2atzbduw28u65",NA,"2024-03-13T21:12:49Z","Anreiz","reinkarnation",TRUE,63,"weiblich",5,4,3,NA,NA,NA,NA,NA,NA,NA,NA,NA,NA,NA,NA,NA,NA,"Ja",NA,NA,NA,NA,NA,NA,4,NA,0.6850667475542757
331,"cd7o9m1jyc4d08qv",NA,"2024-03-13T22:23:41Z","Anreiz","krimi",FALSE,23,"weiblich",6,8,3,NA,NA,NA,NA,NA,NA,NA,NA,NA,NA,NA,NA,NA,NA,"Ja",NA,NA,NA,NA,NA,NA,5.666666666666667,NA,0.6490625089101417
332,"16scqudqpnb8wgs5",NA,"2024-03-13T22:31:47Z","Anreiz","reinkarnation",TRUE,25,"männlich",5,6,6,NA,NA,NA,NA,NA,NA,NA,NA,NA,NA,NA,NA,NA,NA,"Ja",NA,NA,NA,NA,NA,NA,5.666666666666667,NA,0.6822685674804007
333,"epd1e1hrwcr8soaq",NA,"2024-03-13T22:33:54Z","KeinAnreiz",NA,TRUE,25,"männlich",8,7,9,NA,NA,NA,NA,NA,NA,NA,NA,NA,NA,NA,NA,NA,NA,"Ja",NA,NA,NA,NA,NA,NA,8,NA,0.7180087250071475
334,"h0sc8pkpccyfuq6v",NA,"2024-03-13T22:41:07Z","Anreiz","reinkarnation",TRUE,22,"weiblich",7,8,5,NA,NA,NA,NA,NA,NA,NA,NA,NA,NA,NA,NA,NA,NA,"Ja",NA,NA,NA,NA,NA,NA,6.666666666666667,NA,0.7565245333383979
335,"lu0s1zy4nwvhfuka",NA,"2024-03-13T22:45:01Z","KeinAnreiz",NA,TRUE,59,"weiblich",10,10,10,NA,NA,NA,NA,NA,NA,NA,NA,NA,NA,NA,NA,NA,NA,"Ja",NA,NA,NA,NA,NA,NA,10,NA,0.798084437582547
336,"eo6jo89by8kmmn2c",NA,"2024-03-13T22:48:08Z","Anreiz","krimi",FALSE,58,"weiblich",10,10,10,NA,NA,NA,NA,NA,NA,NA,NA,NA,NA,NA,NA,NA,NA,"Ja",NA,NA,NA,NA,NA,NA,10,NA,0.7531927622165745
337,"f6gbkcn5bss6dasb",NA,"2024-03-13T22:50:18Z","KeinAnreiz",NA,FALSE,57,"männlich",8,9,8,NA,NA,NA,NA,NA,NA,NA,NA,NA,NA,NA,NA,NA,NA,"Ja",NA,NA,NA,NA,NA,NA,8.333333333333334,NA,0.7119729172141848
338,"c8kj7gq3aon4ymzo",NA,"2024-03-13T22:51:49Z","Anreiz","krimi",TRUE,40,"weiblich",9,10,8,NA,NA,NA,NA,NA,NA,NA,NA,NA,NA,NA,NA,NA,NA,"Ja",NA,NA,NA,NA,NA,NA,9,NA,0.7498989580170383
339,"gsoo0tkkrru4vm9y",NA,"2024-03-13T23:07:51Z","Anreiz","krimi",TRUE,23,"männlich",3,1,6,NA,NA,NA,NA,NA,NA,NA,NA,NA,NA,NA,NA,NA,NA,"Ja",NA,NA,NA,NA,NA,NA,3.333333333333333,NA,0.7908019706604236
340,"92pr0cu8cblhu0d3",NA,"2024-03-13T23:07:55Z","Anreiz","krimi",FALSE,65,"männlich",8,8,8,NA,NA,NA,NA,NA,NA,NA,NA,NA,NA,NA,NA,NA,NA,"Ja",NA,NA,NA,NA,NA,NA,8,NA,0.7466424294852417
342,"5b7whwepkv3na4yy",NA,"2024-03-14T06:47:33Z","KeinAnreiz",NA,TRUE,42,"weiblich",10,10,10,NA,NA,NA,NA,NA,NA,NA,NA,NA,NA,NA,NA,NA,NA,"Ja",NA,NA,NA,NA,NA,NA,10,NA,0.7872242519712557
343,"eh98btqwj0nravym",NA,"2024-03-14T07:16:48Z","KeinAnreiz",NA,TRUE,19,"weiblich",4,3,6,NA,NA,NA,NA,NA,NA,NA,NA,NA,NA,NA,NA,NA,NA,"Ja",NA,NA,NA,NA,NA,NA,4.333333333333333,NA,0.8310363447231203
344,"vwd987fhb086zd8e",NA,"2024-03-14T07:31:12Z","KeinAnreiz",NA,FALSE,21,"weiblich",10,8,8,NA,NA,NA,NA,NA,NA,NA,NA,NA,NA,NA,NA,NA,NA,"Ja",NA,NA,NA,NA,NA,NA,8.666666666666666,NA,0.7836878335423563
345,"vpq70jsxal7h9w71",NA,"2024-03-14T09:16:20Z","KeinAnreiz",NA,TRUE,51,"weiblich",8,8,8,NA,NA,NA,NA,NA,NA,NA,NA,NA,NA,NA,NA,NA,NA,"Ja",NA,NA,NA,NA,NA,NA,8,NA,0.8271472716003929
346,"plvy8ljr0ds9owcl",NA,"2024-03-14T09:55:18Z","KeinAnreiz",NA,TRUE,19,"weiblich",7,7,5,NA,NA,NA,NA,NA,NA,NA,NA,NA,NA,NA,NA,NA,NA,"Ja",NA,NA,NA,NA,NA,NA,6.333333333333333,NA,0.8741144635108337
347,"7tflxpfmoz1w4fld",NA,"2024-03-14T10:11:11Z","KeinAnreiz",NA,TRUE,23,"weiblich",7,6,7,NA,NA,NA,NA,NA,NA,NA,NA,NA,NA,NA,NA,NA,NA,"Ja",NA,NA,NA,NA,NA,NA,6.666666666666667,NA,0.9249388254027241
348,"hswxshzjcs3tp12g",NA,"2024-03-14T11:59:22Z","Anreiz","krimi",TRUE,55,"weiblich",0,0,0,NA,NA,NA,NA,NA,NA,NA,NA,NA,NA,NA,NA,NA,NA,"Ja",NA,NA,NA,NA,NA,NA,0,NA,0.9800101214184067
349,"vejnheeuc4938t9y",NA,"2024-03-14T12:05:27Z","Anreiz","reinkarnation",FALSE,59,"männlich",5,7,6,NA,NA,NA,NA,NA,NA,NA,NA,NA,NA,NA,NA,NA,NA,"Ja",NA,NA,NA,NA,NA,NA,6,NA,0.9202753765526689
350,"cn9qgffja6b64h2d",NA,"2024-03-14T16:52:57Z","KeinAnreiz",NA,TRUE,52,"männlich",7,7,7,NA,NA,NA,NA,NA,NA,NA,NA,NA,NA,NA,NA,NA,NA,"Ja",NA,NA,NA,NA,NA,NA,7,NA,0.9748628285134281
351,"pge9jofjhwvab4lz",NA,"2024-03-14T17:53:01Z","Anreiz","reinkarnation",FALSE,52,"weiblich",10,10,10,NA,NA,NA,NA,NA,NA,NA,NA,NA,NA,NA,NA,NA,NA,"Ja",NA,NA,NA,NA,NA,NA,10,NA,0.9156694208259907
352,"4ofv88vl0yakhkub",NA,"2024-03-14T17:57:57Z","Anreiz","krimi",TRUE,59,"weiblich",5,5,2,NA,NA,NA,NA,NA,NA,NA,NA,NA,NA,NA,NA,NA,NA,"Ja",NA,NA,NA,NA,NA,NA,4,NA,0.969780694405314
353,"y54q6n7arxgn4rkg",NA,"2024-03-15T05:20:50Z","Anreiz","krimi",TRUE,23,"weiblich",4,5,6,NA,NA,NA,NA,NA,NA,NA,NA,NA,NA,NA,NA,NA,NA,"Ja",NA,NA,NA,NA,NA,NA,5,NA,1.0284595469871705
355,"cs7crror1t8b3vt0",NA,"2024-03-16T20:19:30Z","KeinAnreiz",NA,FALSE,50,"weiblich",8,9,9,NA,NA,NA,NA,NA,NA,NA,NA,NA,NA,NA,NA,NA,NA,"Ja",NA,NA,NA,NA,NA,NA,8.666666666666666,NA,0.9647624373063616
356,"u7sto69w6s7rjw16",NA,"2024-03-19T04:44:44Z","Anreiz","reinkarnation",FALSE,50,"weiblich",10,10,10,NA,NA,NA,NA,NA,NA,NA,NA,NA,NA,NA,NA,NA,NA,"Ja",NA,NA,NA,NA,NA,NA,10,NA,0.9066255870398047
357,"d9a2keruh7kw275t",NA,"2024-03-20T12:58:15Z","Anreiz","reinkarnation",FALSE,22,"weiblich",6,9,4,NA,NA,NA,NA,NA,NA,NA,NA,NA,NA,NA,NA,NA,NA,"Ja",NA,NA,NA,NA,NA,NA,6.333333333333333,NA,0.8534592062137364
358,"k13lul8cjxv05xol",NA,"2024-03-20T21:45:25Z","Anreiz","krimi",FALSE,58,"männlich",8,8,8,NA,NA,NA,NA,NA,NA,NA,NA,NA,NA,NA,NA,NA,NA,"Ja",NA,NA,NA,NA,NA,NA,8,NA,0.8047453116102875
359,"ocaph7at41708zll",NA,"2024-03-22T13:04:39Z","Anreiz","reinkarnation",FALSE,24,"weiblich",6,8,7,NA,NA,NA,NA,NA,NA,NA,NA,NA,NA,NA,NA,NA,NA,"Ja",NA,NA,NA,NA,NA,NA,7,NA,0.7600279974534048
360,"6cp1wjyy1y3ejfvy",NA,"2024-03-23T18:36:23Z","Anreiz","krimi",TRUE,22,"weiblich",6,7,5,NA,NA,NA,NA,NA,NA,NA,NA,NA,NA,NA,NA,NA,NA,"Ja",NA,NA,NA,NA,NA,NA,6,NA,0.8011595989723042
361,"b7y5c6515pg1yh0o",NA,"2024-03-23T18:41:32Z","KeinAnreiz",NA,TRUE,24,"männlich",4,3,4,NA,NA,NA,NA,NA,NA,NA,NA,NA,NA,NA,NA,NA,NA,"Ja",NA,NA,NA,NA,NA,NA,3.666666666666667,NA,0.8455332181386889
362,"cbp91f00ogvpx7ok",NA,"2024-03-23T18:45:54Z","KeinAnreiz",NA,FALSE,24,"weiblich",10,7,8,NA,NA,NA,NA,NA,NA,NA,NA,NA,NA,NA,NA,NA,NA,"Ja",NA,NA,NA,NA,NA,NA,8.333333333333334,NA,0.7976141415990079
363,"mx9egygo1nf62p22",NA,"2024-03-23T18:46:31Z","Anreiz","krimi",FALSE,23,"weiblich",7,8,2,NA,NA,NA,NA,NA,NA,NA,NA,NA,NA,NA,NA,NA,NA,"Ja",NA,NA,NA,NA,NA,NA,5.666666666666667,NA,0.7535995838440325
364,"gmb6mwvqhhctjz73",NA,"2024-03-23T18:48:17Z","KeinAnreiz",NA,TRUE,24,"männlich",10,10,10,NA,NA,NA,NA,NA,NA,NA,NA,NA,NA,NA,NA,NA,NA,"Ja",NA,NA,NA,NA,NA,NA,10,NA,0.7941082251073748
365,"lk32vfkgz96vnnoj",NA,"2024-03-23T18:53:19Z","KeinAnreiz",NA,FALSE,23,"weiblich",7,10,8,NA,NA,NA,NA,NA,NA,NA,NA,NA,NA,NA,NA,NA,NA,"Ja",NA,NA,NA,NA,NA,NA,8.333333333333334,NA,0.7504374476136815
366,"ggy061557zmza6x5",NA,"2024-03-23T19:00:52Z","Anreiz","reinkarnation",FALSE,22,"weiblich",6,5,3,NA,NA,NA,NA,NA,NA,NA,NA,NA,NA,NA,NA,NA,NA,"Ja",NA,NA,NA,NA,NA,NA,4.666666666666667,NA,0.7102419759059162
367,"pzo9nc3v140s689s",NA,"2024-03-23T19:11:56Z","KeinAnreiz",NA,TRUE,31,"männlich",8,4,8,NA,NA,NA,NA,NA,NA,NA,NA,NA,NA,NA,NA,NA,NA,"Ja",NA,NA,NA,NA,NA,NA,6.666666666666667,NA,0.747309230688329
368,"sqppkzmgnphk8n3x",NA,"2024-03-23T19:15:46Z","KeinAnreiz",NA,FALSE,22,"weiblich",5,5,5,NA,NA,NA,NA,NA,NA,NA,NA,NA,NA,NA,NA,NA,NA,"Ja",NA,NA,NA,NA,NA,NA,5,NA,0.707414288215804
369,"z2y9y9ykg5qu7otc",NA,"2024-03-23T19:44:45Z","KeinAnreiz",NA,TRUE,25,"männlich",8,7,9,NA,NA,NA,NA,NA,NA,NA,NA,NA,NA,NA,NA,NA,NA,"Ja",NA,NA,NA,NA,NA,NA,8,NA,0.7442143547265548
370,"whsnbh3fvalg02sg",NA,"2024-03-23T19:44:54Z","Anreiz","reinkarnation",TRUE,25,"weiblich",7,8,6,NA,NA,NA,NA,NA,NA,NA,NA,NA,NA,NA,NA,NA,NA,"Ja",NA,NA,NA,NA,NA,NA,7,NA,0.78382083297001
371,"wauoc0heunwn1j6k",NA,"2024-03-23T19:53:31Z","Anreiz","krimi",FALSE,28,"männlich",4,6,5,NA,NA,NA,NA,NA,NA,NA,NA,NA,NA,NA,NA,NA,NA,"Ja",NA,NA,NA,NA,NA,NA,5,NA,0.7411522548636921
373,"c97zo2gx8y79avah",NA,"2024-03-23T20:03:23Z","KeinAnreiz",NA,TRUE,24,"männlich",7,7,1,NA,NA,NA,NA,NA,NA,NA,NA,NA,NA,NA,NA,NA,NA,"Ja",NA,NA,NA,NA,NA,NA,5,NA,0.7804662737474226
374,"9zbpabdgeogduw1z",NA,"2024-03-23T20:03:44Z","Anreiz","reinkarnation",TRUE,21,"männlich",3,3,2,NA,NA,NA,NA,NA,NA,NA,NA,NA,NA,NA,NA,NA,NA,"Ja",NA,NA,NA,NA,NA,NA,2.666666666666667,NA,0.8228192480757894
375,"t2kz5cx77xdze9bf",NA,"2024-03-23T20:09:20Z","KeinAnreiz",NA,FALSE,27,"männlich",8,3,7,NA,NA,NA,NA,NA,NA,NA,NA,NA,NA,NA,NA,NA,NA,"Ja",NA,NA,NA,NA,NA,NA,6,NA,0.7771479322605739
376,"gstzfbt8e5p0g31y",NA,"2024-03-23T20:18:44Z","KeinAnreiz",NA,TRUE,23,"weiblich",10,10,10,NA,NA,NA,NA,NA,NA,NA,NA,NA,NA,NA,NA,NA,NA,"Ja",NA,NA,NA,NA,NA,NA,10,NA,0.8191805772030054
377,"cowj8no0ghu7twjs",NA,"2024-03-23T20:20:57Z","Anreiz","krimi",FALSE,21,"weiblich",5,8,4,NA,NA,NA,NA,NA,NA,NA,NA,NA,NA,NA,NA,NA,NA,"Ja",NA,NA,NA,NA,NA,NA,5.666666666666667,NA,0.7738651902077645
378,"dztqe8bumkwb80lj",NA,"2024-03-23T20:32:37Z","KeinAnreiz",NA,FALSE,25,"männlich",6,7,8,NA,NA,NA,NA,NA,NA,NA,NA,NA,NA,NA,NA,NA,NA,"Ja",NA,NA,NA,NA,NA,NA,7,NA,0.7321571571190816
379,"bbjd6rzmpskz1hnb",NA,"2024-03-23T20:36:35Z","KeinAnreiz",NA,FALSE,26,"männlich",8,4,7,NA,NA,NA,NA,NA,NA,NA,NA,NA,NA,NA,NA,NA,NA,"Ja",NA,NA,NA,NA,NA,NA,6.333333333333333,NA,0.6937041842086152
381,"rla9w6cvj802o11o",NA,"2024-03-23T20:49:56Z","KeinAnreiz",NA,TRUE,22,"weiblich",8,8,7,NA,NA,NA,NA,NA,NA,NA,NA,NA,NA,NA,NA,NA,NA,"Ja",NA,NA,NA,NA,NA,NA,7.666666666666667,NA,0.7292207689176
382,"co5y7mt5o6ljm3oe",NA,"2024-03-23T21:09:34Z","KeinAnreiz",NA,FALSE,29,"männlich",1,10,0,NA,NA,NA,NA,NA,NA,NA,NA,NA,NA,NA,NA,NA,NA,"Ja",NA,NA,NA,NA,NA,NA,3.666666666666667,NA,0.691044608627267
383,"qa57vtghfee593hq",NA,"2024-03-23T21:20:40Z","KeinAnreiz",NA,TRUE,25,"männlich",7,4,6,NA,NA,NA,NA,NA,NA,NA,NA,NA,NA,NA,NA,NA,NA,"Ja",NA,NA,NA,NA,NA,NA,5.666666666666667,NA,0.7263145212142503
384,"2m0dmftjn1y4antb",NA,"2024-03-23T22:31:03Z","Anreiz","reinkarnation",TRUE,24,"männlich",9,8,9,NA,NA,NA,NA,NA,NA,NA,NA,NA,NA,NA,NA,NA,NA,"Ja",NA,NA,NA,NA,NA,NA,8.666666666666666,NA,0.764224590842204
385,"asj6onhcoufqjyk9",NA,"2024-03-23T22:44:11Z","KeinAnreiz",NA,TRUE,20,"weiblich",4,8,7,NA,NA,NA,NA,NA,NA,NA,NA,NA,NA,NA,NA,NA,NA,"Ja",NA,NA,NA,NA,NA,NA,6.333333333333333,NA,0.8050194917868165
386,"th2u7bp64qqtnnl3",NA,"2024-03-23T22:55:50Z","Anreiz","krimi",TRUE,24,"weiblich",1,3,1,NA,NA,NA,NA,NA,NA,NA,NA,NA,NA,NA,NA,NA,NA,"Ja",NA,NA,NA,NA,NA,NA,1.666666666666667,NA,0.848970230655297
387,"qhxo9ev8agtqb6re",NA,"2024-03-24T08:30:24Z","KeinAnreiz",NA,TRUE,23,"weiblich",1,0,1,NA,NA,NA,NA,NA,NA,NA,NA,NA,NA,NA,NA,NA,NA,"Ja",NA,NA,NA,NA,NA,NA,0.666666666666667,NA,0.8963773269123523
388,"8ay81ufsn6wkh74w",NA,"2024-03-24T20:08:36Z","KeinAnreiz",NA,FALSE,21,"weiblich",5,5,4,NA,NA,NA,NA,NA,NA,NA,NA,NA,NA,NA,NA,NA,NA,"Ja",NA,NA,NA,NA,NA,NA,4.666666666666667,NA,0.8451931412490729
389,"epa1km8x6w4x7983",NA,"2024-03-24T20:12:43Z","KeinAnreiz",NA,FALSE,23,"weiblich",4,5,6,NA,NA,NA,NA,NA,NA,NA,NA,NA,NA,NA,NA,NA,NA,"Ja",NA,NA,NA,NA,NA,NA,5,NA,0.7981657936408777
390,"5rgedkfgl4pfqq1u",NA,"2024-03-24T20:25:48Z","KeinAnreiz",NA,TRUE,57,"männlich",1,0,3,NA,NA,NA,NA,NA,NA,NA,NA,NA,NA,NA,NA,NA,NA,"Ja",NA,NA,NA,NA,NA,NA,1.333333333333333,NA,0.841457353442121
391,"g0fzxvjnmeode3el",NA,"2024-03-24T20:42:28Z","KeinAnreiz",NA,TRUE,62,"männlich",8,8,9,NA,NA,NA,NA,NA,NA,NA,NA,NA,NA,NA,NA,NA,NA,"Ja",NA,NA,NA,NA,NA,NA,8.333333333333334,NA,0.888131985384229
392,"svjo61gwzb0r7njb",NA,"2024-03-24T20:48:54Z","KeinAnreiz",NA,TRUE,31,"weiblich",3,3,3,NA,NA,NA,NA,NA,NA,NA,NA,NA,NA,NA,NA,NA,NA,"Ja",NA,NA,NA,NA,NA,NA,3,NA,0.9385142136156577
393,"l94dpt6d7rmdo3qr",NA,"2024-03-24T21:25:15Z","Anreiz","krimi",FALSE,20,"männlich",3,4,4,NA,NA,NA,NA,NA,NA,NA,NA,NA,NA,NA,NA,NA,NA,"Ja",NA,NA,NA,NA,NA,NA,3.666666666666667,NA,0.8840782346595685
394,"u9mh1sexfg7lqnnw",NA,"2024-03-25T08:07:35Z","Anreiz","krimi",TRUE,35,"weiblich",5,5,5,NA,NA,NA,NA,NA,NA,NA,NA,NA,NA,NA,NA,NA,NA,"Ja",NA,NA,NA,NA,NA,NA,5,NA,0.9340617604809891
395,"xbvpv0acqtjxcx2t",NA,"2024-03-25T08:19:24Z","Anreiz","reinkarnation",TRUE,37,"weiblich",5,5,8,NA,NA,NA,NA,NA,NA,NA,NA,NA,NA,NA,NA,NA,NA,"Ja",NA,NA,NA,NA,NA,NA,6,NA,0.9880682021195246
396,"ffeokb7blf4phgdt",NA,"2024-03-25T18:47:38Z","KeinAnreiz",NA,TRUE,51,"weiblich",10,10,10,NA,NA,NA,NA,NA,NA,NA,NA,NA,NA,NA,NA,NA,NA,"Ja",NA,NA,NA,NA,NA,NA,10,NA,1.046492751962047
397,"5q6td60htlzsaa1p",NA,"2024-03-25T20:43:37Z","KeinAnreiz",NA,TRUE,63,"weiblich",8,9,9,NA,NA,NA,NA,NA,NA,NA,NA,NA,NA,NA,NA,NA,NA,"Ja",NA,NA,NA,NA,NA,NA,8.666666666666666,NA,1.1097752889120507
399,"2rzo89r4f63jdedw",NA,"2024-03-26T20:19:20Z","KeinAnreiz",NA,TRUE,37,"weiblich",8,7,8,NA,NA,NA,NA,NA,NA,NA,NA,NA,NA,NA,NA,NA,NA,"Ja",NA,NA,NA,NA,NA,NA,7.666666666666667,NA,1.1784060140383077
401,"ulwxp4lzbt25wjz5",NA,"2024-03-27T12:51:18Z","Anreiz","krimi",FALSE,26,"weiblich",5,9,9,NA,NA,NA,NA,NA,NA,NA,NA,NA,NA,NA,NA,NA,NA,"Ja",NA,NA,NA,NA,NA,NA,7.666666666666667,NA,1.1039048195351564
402,"qpeg0ytfr7n7opfg",NA,"2024-03-27T12:56:43Z","KeinAnreiz",NA,TRUE,18,"weiblich",4,6,3,NA,NA,NA,NA,NA,NA,NA,NA,NA,NA,NA,NA,NA,NA,"Ja",NA,NA,NA,NA,NA,NA,4.333333333333333,NA,1.1719282317035062
403,"1vdhhe3087r6p48h",NA,"2024-03-27T13:26:39Z","KeinAnreiz",NA,FALSE,58,"männlich",8,9,8,NA,NA,NA,NA,NA,NA,NA,NA,NA,NA,NA,NA,NA,NA,"Ja",NA,NA,NA,NA,NA,NA,8.333333333333334,NA,1.0981056868008707
404,"hh6mkmy6ab9m2aoz",NA,"2024-03-27T14:01:56Z","Anreiz","krimi",FALSE,21,"männlich",6,7,7,NA,NA,NA,NA,NA,NA,NA,NA,NA,NA,NA,NA,NA,NA,"Ja",NA,NA,NA,NA,NA,NA,6.666666666666667,NA,1.030700837353074
405,"dbhlp9dwn04zwklf",NA,"2024-03-27T14:44:05Z","KeinAnreiz",NA,FALSE,30,"männlich",5,6,3,NA,NA,NA,NA,NA,NA,NA,NA,NA,NA,NA,NA,NA,NA,"Ja",NA,NA,NA,NA,NA,NA,4.666666666666667,NA,0.9690426713179994
406,"93ongcgtgebspz6q",NA,"2024-03-27T14:50:19Z","KeinAnreiz",NA,FALSE,18,"weiblich",3,1,3,NA,NA,NA,NA,NA,NA,NA,NA,NA,NA,NA,NA,NA,NA,"Ja",NA,NA,NA,NA,NA,NA,2.333333333333333,NA,0.9125401870054268
407,"ug4qyjx8k9habqyr",NA,"2024-03-27T15:13:58Z","Anreiz","krimi",FALSE,21,"weiblich",7,9,8,NA,NA,NA,NA,NA,NA,NA,NA,NA,NA,NA,NA,NA,NA,"Ja",NA,NA,NA,NA,NA,NA,8,NA,0.8606718237031896
408,"vqfhv1gubj5xvm9h",NA,"2024-03-27T15:24:54Z","KeinAnreiz",NA,TRUE,21,"weiblich",8,8,6,NA,NA,NA,NA,NA,NA,NA,NA,NA,NA,NA,NA,NA,NA,"Ja",NA,NA,NA,NA,NA,NA,7.333333333333333,NA,0.9083780760406648
409,"kxhg49brj05h4xsf",NA,"2024-03-27T15:39:18Z","Anreiz","krimi",TRUE,20,"weiblich",2,5,2,NA,NA,NA,NA,NA,NA,NA,NA,NA,NA,NA,NA,NA,NA,"Ja",NA,NA,NA,NA,NA,NA,3,NA,0.9598520368122998
410,"jofdl6e1eb673w9z",NA,"2024-03-27T15:55:51Z","KeinAnreiz",NA,TRUE,50,"weiblich",3,3,4,NA,NA,NA,NA,NA,NA,NA,NA,NA,NA,NA,NA,NA,NA,"Ja",NA,NA,NA,NA,NA,NA,3.333333333333333,NA,1.01545699496612
411,"80uwoqbxdmm9md8o",NA,"2024-03-27T15:58:51Z","Anreiz","krimi",FALSE,50,"weiblich",3,4,4,NA,NA,NA,NA,NA,NA,NA,NA,NA,NA,NA,NA,NA,NA,"Ja",NA,NA,NA,NA,NA,NA,3.666666666666667,NA,0.9553339838006296
412,"8y3mftauls77m1nr",NA,"2024-03-27T16:02:35Z","Anreiz","krimi",TRUE,26,"männlich",3,7,6,NA,NA,NA,NA,NA,NA,NA,NA,NA,NA,NA,NA,NA,NA,"Ja",NA,NA,NA,NA,NA,NA,5.333333333333333,NA,1.010492468262522
413,"oysmjmcjlbcvksxc",NA,"2024-03-27T16:25:05Z","Anreiz","reinkarnation",FALSE,22,"weiblich",3,3,3,NA,NA,NA,NA,NA,NA,NA,NA,NA,NA,NA,NA,NA,NA,"Ja",NA,NA,NA,NA,NA,NA,3,NA,0.9508662532979416
414,"0k0hs3hj07kj53gx",NA,"2024-03-27T16:25:50Z","Anreiz","reinkarnation",FALSE,19,"weiblich",4,4,4,NA,NA,NA,NA,NA,NA,NA,NA,NA,NA,NA,NA,NA,NA,"Ja",NA,NA,NA,NA,NA,NA,4,NA,0.8961617616215819
415,"2ev6hslzzvfwvugv",NA,"2024-03-27T16:26:03Z","Anreiz","krimi",FALSE,24,"weiblich",10,8,9,NA,NA,NA,NA,NA,NA,NA,NA,NA,NA,NA,NA,NA,NA,"Ja",NA,NA,NA,NA,NA,NA,9,NA,0.8458873579695839
416,"rr3wcurokw9uh975",NA,"2024-03-27T16:42:11Z","KeinAnreiz",NA,TRUE,21,"weiblich",8,8,8,NA,NA,NA,NA,NA,NA,NA,NA,NA,NA,NA,NA,NA,NA,"Ja",NA,NA,NA,NA,NA,NA,8,NA,0.8921771496091004
417,"d4pclj6owlpd4tjb",NA,"2024-03-27T16:44:31Z","Anreiz","krimi",TRUE,21,"weiblich",7,9,8,NA,NA,NA,NA,NA,NA,NA,NA,NA,NA,NA,NA,NA,NA,"Ja",NA,NA,NA,NA,NA,NA,8,NA,0.9420783221094657
418,"srho7h3n5pyafs7a",NA,"2024-03-27T18:59:40Z","KeinAnreiz",NA,TRUE,21,"weiblich",8,6,8,NA,NA,NA,NA,NA,NA,NA,NA,NA,NA,NA,NA,NA,NA,"Ja",NA,NA,NA,NA,NA,NA,7.333333333333333,NA,0.9959349178189881
419,"uje2hfsv0a8v1bhx",NA,"2024-03-27T21:13:48Z","Anreiz","krimi",FALSE,52,"männlich",4,3,4,NA,NA,NA,NA,NA,NA,NA,NA,NA,NA,NA,NA,NA,NA,"Ja",NA,NA,NA,NA,NA,NA,3.666666666666667,NA,0.937756451846942
420,"mduabnxssyngerez",NA,"2024-03-28T15:24:34Z","Anreiz","reinkarnation",TRUE,50,"weiblich",8,10,10,NA,NA,NA,NA,NA,NA,NA,NA,NA,NA,NA,NA,NA,NA,"Ja",NA,NA,NA,NA,NA,NA,9.333333333333334,NA,0.991191180180504
421,"rqbvrpdwdr0g23lt",NA,"2024-03-30T13:10:03Z","Anreiz","krimi",FALSE,29,"männlich",7,5,7,NA,NA,NA,NA,NA,NA,NA,NA,NA,NA,NA,NA,NA,NA,"Ja",NA,NA,NA,NA,NA,NA,6.333333333333333,NA,0.933481563809294
422,"j6lmo28066cna6k9",NA,"2024-03-30T13:10:06Z","Anreiz","reinkarnation",FALSE,25,"weiblich",8,7,8,NA,NA,NA,NA,NA,NA,NA,NA,NA,NA,NA,NA,NA,NA,"Ja",NA,NA,NA,NA,NA,NA,7.666666666666667,NA,0.8804757069018577
423,"dgmnhdraeubmfgs4",NA,"2024-04-01T10:59:24Z","Anreiz","krimi",FALSE,35,"weiblich",8,10,9,NA,NA,NA,NA,NA,NA,NA,NA,NA,NA,NA,NA,NA,NA,"Ja",NA,NA,NA,NA,NA,NA,9,NA,0.8317095139841494
424,"60oyhcmd9x5pqmq7",NA,"2024-04-01T11:18:44Z","KeinAnreiz",NA,TRUE,53,"männlich",7,6,6,NA,NA,NA,NA,NA,NA,NA,NA,NA,NA,NA,NA,NA,NA,"Ja",NA,NA,NA,NA,NA,NA,6.333333333333333,NA,0.876657062424282
425,"bljv4ozt35qqbf3v",NA,"2024-04-01T11:19:17Z","Anreiz","reinkarnation",TRUE,20,"männlich",3,2,3,NA,NA,NA,NA,NA,NA,NA,NA,NA,NA,NA,NA,NA,NA,"Ja",NA,NA,NA,NA,NA,NA,2.666666666666667,NA,0.9250696000855786
426,"7dmcab35o1t5t928",NA,"2024-04-01T11:20:25Z","KeinAnreiz",NA,FALSE,21,"weiblich",3,3,4,NA,NA,NA,NA,NA,NA,NA,NA,NA,NA,NA,NA,NA,NA,"Ja",NA,NA,NA,NA,NA,NA,3.333333333333333,NA,0.8728782267621668
427,"r8thxuzw1cm6uf2g",NA,"2024-04-01T11:29:25Z","KeinAnreiz",NA,TRUE,55,"männlich",8,9,9,NA,NA,NA,NA,NA,NA,NA,NA,NA,NA,NA,NA,NA,NA,"Ja",NA,NA,NA,NA,NA,NA,8.666666666666666,NA,0.9209310011283712
428,"qgf2tn23ov24h36v",NA,"2024-04-01T18:20:00Z","Anreiz","reinkarnation",TRUE,53,"weiblich",8,8,8,NA,NA,NA,NA,NA,NA,NA,NA,NA,NA,NA,NA,NA,NA,"Ja",NA,NA,NA,NA,NA,NA,8,NA,0.9727356042577542
429,"8oyqdd0q7yln0lbt",NA,"2024-04-02T17:31:18Z","Anreiz","reinkarnation",FALSE,21,"weiblich",4,6,5,NA,NA,NA,NA,NA,NA,NA,NA,NA,NA,NA,NA,NA,NA,"Ja",NA,NA,NA,NA,NA,NA,5,NA,0.9168363368705245
430,"k2wxf7trz5ok24ut",NA,"2024-04-02T17:56:58Z","Anreiz","krimi",FALSE,34,"weiblich",7,7,9,NA,NA,NA,NA,NA,NA,NA,NA,NA,NA,NA,NA,NA,NA,"Ja",NA,NA,NA,NA,NA,NA,7.666666666666667,NA,0.865437420908464
431,"3339b2jvmr876pxo",NA,"2024-04-02T18:00:13Z","Anreiz","krimi",FALSE,36,"männlich",6,5,5,NA,NA,NA,NA,NA,NA,NA,NA,NA,NA,NA,NA,NA,NA,"Ja",NA,NA,NA,NA,NA,NA,5.333333333333333,NA,0.8181001554989855
432,"sz66p5xvyr4a89qt",NA,"2024-04-02T18:02:55Z","Anreiz","reinkarnation",TRUE,34,"weiblich",7,7,8,NA,NA,NA,NA,NA,NA,NA,NA,NA,NA,NA,NA,NA,NA,"Ja",NA,NA,NA,NA,NA,NA,7.333333333333333,NA,0.8617742049204103
433,"5pd805quw8k40w3q",NA,"2024-04-03T13:55:19Z","Anreiz","krimi",TRUE,39,"weiblich",7,9,9,NA,NA,NA,NA,NA,NA,NA,NA,NA,NA,NA,NA,NA,NA,"Ja",NA,NA,NA,NA,NA,NA,8.333333333333334,NA,0.9087759485859935
434,"15g0sr8xa3hj1x34",NA,"2024-04-04T08:41:49Z","KeinAnreiz",NA,FALSE,44,"männlich",8,6,7,NA,NA,NA,NA,NA,NA,NA,NA,NA,NA,NA,NA,NA,NA,"Ja",NA,NA,NA,NA,NA,NA,7,NA,0.858148305400675
435,"qbmvq608ae551fvl",NA,"2024-04-04T10:22:27Z","Anreiz","krimi",FALSE,21,"weiblich",7,8,6,NA,NA,NA,NA,NA,NA,NA,NA,NA,NA,NA,NA,NA,NA,"Ja",NA,NA,NA,NA,NA,NA,7,NA,0.8114976214967259
436,"l98bl70vmkfu619k",NA,"2024-04-04T10:22:28Z","KeinAnreiz",NA,TRUE,20,"weiblich",5,7,8,NA,NA,NA,NA,NA,NA,NA,NA,NA,NA,NA,NA,NA,NA,"Ja",NA,NA,NA,NA,NA,NA,6.666666666666667,NA,0.8545591324674447
437,"cj4se6oypfgpdft6",NA,"2024-04-04T10:24:16Z","KeinAnreiz",NA,TRUE,23,"weiblich",7,5,6,NA,NA,NA,NA,NA,NA,NA,NA,NA,NA,NA,NA,NA,NA,"Ja",NA,NA,NA,NA,NA,NA,6,NA,0.9008828634283009
438,"5yx83o83kps9a2pc",NA,"2024-04-04T10:24:33Z","Anreiz","reinkarnation",TRUE,25,"weiblich",10,8,10,NA,NA,NA,NA,NA,NA,NA,NA,NA,NA,NA,NA,NA,NA,"Ja",NA,NA,NA,NA,NA,NA,9.333333333333334,NA,0.9507707231775943
439,"5b6m6xh3yjwt4vx4",NA,"2024-04-04T10:27:02Z","KeinAnreiz",NA,FALSE,25,"weiblich",8,9,9,NA,NA,NA,NA,NA,NA,NA,NA,NA,NA,NA,NA,NA,NA,"Ja",NA,NA,NA,NA,NA,NA,8.666666666666666,NA,0.8969973843213358
440,"d5qz5k5jrxhgfxaz",NA,"2024-04-04T10:27:07Z","Anreiz","reinkarnation",TRUE,29,"männlich",7,5,6,NA,NA,NA,NA,NA,NA,NA,NA,NA,NA,NA,NA,NA,NA,"Ja",NA,NA,NA,NA,NA,NA,6,NA,0.9465170080823658
441,"urhhbdwwv3ms7gdk",NA,"2024-04-04T10:27:27Z","KeinAnreiz",NA,FALSE,22,"weiblich",8,7,9,NA,NA,NA,NA,NA,NA,NA,NA,NA,NA,NA,NA,NA,NA,"Ja",NA,NA,NA,NA,NA,NA,8,NA,0.893151749613281
443,"hmfbpao4ud66vyqa",NA,"2024-04-04T10:44:58Z","KeinAnreiz",NA,TRUE,21,"weiblich",9,5,10,NA,NA,NA,NA,NA,NA,NA,NA,NA,NA,NA,NA,NA,NA,"Ja",NA,NA,NA,NA,NA,NA,8,NA,0.9423079552038146
444,"vcmjlucr897msl6m",NA,"2024-04-04T10:57:54Z","KeinAnreiz",NA,TRUE,22,"weiblich",10,10,7,NA,NA,NA,NA,NA,NA,NA,NA,NA,NA,NA,NA,NA,NA,"Ja",NA,NA,NA,NA,NA,NA,9,NA,0.9952828653648407
445,"bqqv9vrj1v9f7yt0",NA,"2024-04-04T10:57:56Z","KeinAnreiz",NA,FALSE,20,"weiblich",5,5,5,NA,NA,NA,NA,NA,NA,NA,NA,NA,NA,NA,NA,NA,NA,"Ja",NA,NA,NA,NA,NA,NA,5,NA,0.9381428438309029
446,"nfz3rp1cvzlan9v4",NA,"2024-04-04T10:58:02Z","KeinAnreiz",NA,FALSE,23,"weiblich",3,3,3,NA,NA,NA,NA,NA,NA,NA,NA,NA,NA,NA,NA,NA,NA,"Ja",NA,NA,NA,NA,NA,NA,3,NA,0.8855775025085216
447,"anfhq0yqwhn5u4xf",NA,"2024-04-06T16:21:46Z","KeinAnreiz",NA,TRUE,25,"männlich",4,7,6,NA,NA,NA,NA,NA,NA,NA,NA,NA,NA,NA,NA,NA,NA,"Ja",NA,NA,NA,NA,NA,NA,5.666666666666667,NA,0.9340209688436732
448,"6886",NA,"2024-04-08T06:36:14Z","KeinAnreiz",NA,TRUE,19,"weiblich",8,8,9,NA,NA,NA,NA,NA,NA,NA,NA,NA,NA,NA,NA,NA,NA,"Ja",NA,NA,NA,NA,NA,NA,8.333333333333334,NA,0.9862061234606834
449,"7267",NA,"2024-04-08T06:57:37Z","KeinAnreiz",NA,FALSE,19,"männlich",8,6,5,NA,NA,NA,NA,NA,NA,NA,NA,NA,NA,NA,NA,NA,NA,"Ja",NA,NA,NA,NA,NA,NA,6.333333333333333,NA,0.9299416402913001
450,"3106",NA,"2024-04-08T07:40:00Z","KeinAnreiz",NA,TRUE,23,"männlich",8,4,4,NA,NA,NA,NA,NA,NA,NA,NA,NA,NA,NA,NA,NA,NA,"Ja",NA,NA,NA,NA,NA,NA,5.333333333333333,NA,0.9817396941687183
451,"3856",NA,"2024-04-08T08:18:06Z","KeinAnreiz",NA,FALSE,22,"weiblich",8,5,8,NA,NA,NA,NA,NA,NA,NA,NA,NA,NA,NA,NA,NA,NA,"Ja",NA,NA,NA,NA,NA,NA,7,NA,0.9259041829851415
452,"6880",NA,"2024-04-08T08:26:56Z","Anreiz","reinkarnation",FALSE,20,"weiblich",7,7,7,NA,NA,NA,NA,NA,NA,NA,NA,NA,NA,NA,NA,NA,NA,"Ja",NA,NA,NA,NA,NA,NA,7,NA,0.8744996171222907
453,"6916",NA,"2024-04-08T08:46:52Z","KeinAnreiz",NA,FALSE,19,"weiblich",8,8,7,NA,NA,NA,NA,NA,NA,NA,NA,NA,NA,NA,NA,NA,NA,"Ja",NA,NA,NA,NA,NA,NA,7.666666666666667,NA,0.8271011181030691
454,"6613",NA,"2024-04-08T08:47:19Z","KeinAnreiz",NA,TRUE,40,"weiblich",9,10,10,NA,NA,NA,NA,NA,NA,NA,NA,NA,NA,NA,NA,NA,NA,"Ja",NA,NA,NA,NA,NA,NA,9.666666666666666,NA,0.8708802541493617
455,"7765",NA,"2024-04-08T10:51:39Z","KeinAnreiz",NA,FALSE,24,"weiblich",8,7,8,NA,NA,NA,NA,NA,NA,NA,NA,NA,NA,NA,NA,NA,NA,"Ja",NA,NA,NA,NA,NA,NA,7.666666666666667,NA,0.8238179077932558
456,"7048",NA,"2024-04-08T11:11:55Z","KeinAnreiz",NA,TRUE,21,"männlich",7,9,6,NA,NA,NA,NA,NA,NA,NA,NA,NA,NA,NA,NA,NA,NA,"Ja",NA,NA,NA,NA,NA,NA,7.333333333333333,NA,0.8672965880682277
457,"3799",NA,"2024-04-08T11:19:49Z","Anreiz","krimi",FALSE,22,"weiblich",8,6,6,NA,NA,NA,NA,NA,NA,NA,NA,NA,NA,NA,NA,NA,NA,"Ja",NA,NA,NA,NA,NA,NA,6.666666666666667,NA,0.8205661645657407
458,"6427",NA,"2024-04-08T12:36:57Z","Anreiz","krimi",FALSE,22,"männlich",6,6,4,NA,NA,NA,NA,NA,NA,NA,NA,NA,NA,NA,NA,NA,NA,"Ja",NA,NA,NA,NA,NA,NA,5.333333333333333,NA,0.7773923899025129
459,"7894",NA,"2024-04-08T13:36:27Z","KeinAnreiz",NA,TRUE,20,"weiblich",4,2,4,NA,NA,NA,NA,NA,NA,NA,NA,NA,NA,NA,NA,NA,NA,"Ja",NA,NA,NA,NA,NA,NA,3.333333333333333,NA,0.8173454199885415
