"CASE","SERIAL","REF","QUESTNNR","MODE","STARTED","Pbilder","DE01","DE01_03","DE02_01","DE03","DE04","DE04_02","DE04_03","DE05","PA_score","PE_score","PA01_01","PA01_02","PA01_03","PA01_04","PA01_05","PA01_06","PA01_07","PA01_08","PA01_09","PA02_10","PA02_11","PA02_12","PA02_13","PA02_14","PA02_15","PA02_16","PA02_17","PA02_18","PE02_01","PE02_02","PE02_02r","PE02_03","PE02_03r","PE02_04","PE02_05","PE02_06","PE02_07","PE02_07r","PE02_08","PE02_08r","PE02_09","PK01","PK02","PK03","TIME001","TIME002","TIME003","TIME004","TIME005","TIME_SUM","MAILSENT","LASTDATA","FINISHED","Q_VIEWER","LASTPAGE","MAXPAGE","MISSING","MISSREL","TIME_RSI","DEG_TIME","BF"
14,NA,"qozxg3p8","base","interview","12.03.2017 22:44",102,2,"",31,1,3,NA,"3",1,2.556,3.333,1,1,1,1,6,4,3,1,6,7,1,7,1,1,1,1,2,1,4,2,4,3,3,4,2,3,3,3,2,4,3,1,6,1,21,88,16,30,39,194,NA,"12.03.2017 22:47",1,0,5,5,0,0,1.12,10,1
17,NA,"vc39lbhs","base","interview","15.03.2017 16:20",96,2,"",26,1,3,NA,"4",1,2,3.556,2,1,1,3,1,1,1,1,3,7,1,7,1,2,1,1,1,1,4,1,5,4,2,5,4,4,3,3,3,3,2,1,3,2,28,63,23,68,58,240,NA,"15.03.2017 16:24",1,0,5,5,0,0,0.78,0,1
19,NA,"mhgh7f0y","base","interview","15.03.2017 16:46",98,2,"",31,1,1,NA,"",1,3.111,4.111,1,1,1,5,2,2,3,3,7,6,2,2,2,5,2,2,6,4,5,1,5,1,5,5,5,5,5,1,2,4,2,1,3,3,19,39,19,49,51,177,NA,"15.03.2017 16:49",1,0,5,5,0,0,1.07,6,0.7510997801182164
20,NA,"fxws1a4c","base","interview","15.03.2017 16:47",105,2,"",31,1,3,NA,"5",1,3.722,3,2,1,1,3,7,6,7,2,7,7,5,6,3,2,3,1,1,3,2,1,5,4,2,3,3,4,3,3,3,3,2,1,3,4,14,35,9,43,33,134,NA,"15.03.2017 16:49",1,0,5,5,0,0,1.52,26,0.8890875191575306
21,NA,"tej6sxl7","base","interview","15.03.2017 16:47",95,1,"",24,1,1,NA,"",1,1.444,3.333,1,1,1,1,2,1,3,1,1,5,1,1,1,1,1,1,1,2,4,1,5,5,1,5,5,4,5,1,3,3,2,1,7,2,20,55,17,52,55,199,NA,"15.03.2017 16:51",1,0,5,5,0,0,0.98,2,0.7552360500015493
22,NA,"8r66zn5e","base","interview","15.03.2017 16:47",102,1,"",25,2,3,NA,"5",1,1.944,3.444,1,1,1,1,2,2,5,1,1,7,1,1,1,1,1,1,6,1,4,2,4,4,2,5,4,4,3,3,2,4,1,1,4,1,32,59,13,39,46,189,NA,"15.03.2017 16:50",1,0,5,5,0,0,1.03,5,0.7828564369470228
23,NA,"o75trk26","base","interview","15.03.2017 16:49",94,1,"",28,1,3,NA,"4",3,2.833,3.778,5,3,1,6,1,3,3,1,3,7,1,2,2,1,1,1,6,4,4,1,5,5,1,5,4,4,2,4,1,5,2,1,3,2,16,46,9,37,41,149,NA,"15.03.2017 16:51",1,0,5,5,0,0,1.39,19,0.6763854074235525
24,NA,"cs7jn6jh","base","interview","15.03.2017 16:49",95,1,"",31,1,3,NA,"8",1,1.722,2.875,1,1,1,1,1,1,3,2,6,6,1,1,1,1,1,1,1,1,4,1,5,3,3,NA,2,2,4,2,3,3,2,1,5,3,14,28,11,30,29,112,NA,"15.03.2017 16:51",1,0,5,5,3,3,1.66,33,0.6108103154613607
25,NA,"upkxg874","base","interview","15.03.2017 16:52",85,1,"",25,1,2,4,"",1,1.611,3.778,1,1,1,1,1,1,1,1,1,7,1,1,6,1,1,1,1,1,4,1,5,4,2,4,4,4,3,3,2,4,4,1,5,2,35,129,16,41,37,181,NA,"15.03.2017 16:57",1,0,5,5,0,0,0.91,5,0.5517230122731911
26,NA,"m3gwbhq6","base","interview","15.03.2017 17:01",113,1,"",24,1,1,NA,"",1,NA,1.667,NA,NA,NA,NA,NA,NA,NA,NA,NA,NA,NA,NA,NA,NA,NA,NA,NA,NA,1,4,2,5,1,3,2,1,4,2,4,2,1,2,NA,NA,24,64,NA,NA,NA,88,NA,"15.03.2017 17:03",1,0,2,2,0,0,0.91,0,0.6545427432351152
27,NA,"lcta25h7","base","interview","15.03.2017 17:02",101,2,"",29,1,1,NA,"",3,2.5,3.111,3,2,1,4,5,2,5,1,6,6,1,1,2,1,1,1,1,2,5,1,5,1,5,3,2,2,5,1,2,4,1,1,2,3,16,42,13,43,41,155,NA,"15.03.2017 17:05",1,0,5,5,0,0,1.26,13,0.6518486015281659
28,NA,"puj6ao4u","base","interview","15.03.2017 17:02",111,1,"",41,1,3,NA,"3",1,1.333,3.333,1,1,1,1,1,1,1,1,7,1,1,1,1,1,1,1,1,1,4,1,5,1,5,2,3,3,3,3,2,4,1,1,7,2,40,62,16,42,42,202,NA,"15.03.2017 17:06",1,0,5,5,0,0,0.95,3,0.7444714218859562
29,NA,"ul43p6cs","base","interview","15.03.2017 17:05",98,2,"",31,1,2,3,"",1,1.882,3.75,1,1,1,2,2,1,1,1,6,7,2,1,NA,2,1,1,1,1,5,1,5,2,4,3,4,2,4,2,1,5,NA,1,5,3,31,43,18,72,56,220,NA,"15.03.2017 17:08",1,0,5,5,6,6,0.88,2,0.7180589951447379
30,NA,"h4yy74em","base","interview","15.03.2017 17:07",111,1,"",22,1,1,NA,"",1,1.611,2.778,1,1,1,1,3,3,3,1,1,2,1,2,1,2,2,1,1,2,2,2,4,4,2,4,3,3,4,2,2,4,1,1,6,2,14,33,13,34,31,125,NA,"15.03.2017 17:09",1,0,5,5,0,0,1.5,25,0.8224296487469505
31,NA,"wn4e3ex5","base","interview","15.03.2017 17:07",98,2,"",20,1,1,NA,"",1,1.889,2.444,1,1,1,1,3,2,6,1,1,7,2,1,1,1,1,1,1,2,5,1,5,4,2,2,1,1,5,1,3,3,2,1,4,2,23,80,23,70,55,251,NA,"15.03.2017 17:11",1,0,5,5,0,0,0.79,0,0.7940087127426423
32,NA,"xrkzk08y","base","interview","15.03.2017 17:09",93,2,"",21,1,3,NA,"1",1,3,2.667,2,3,1,3,1,1,5,1,3,6,3,6,2,3,2,2,4,6,2,1,5,5,1,3,3,3,4,2,3,3,2,1,3,2,30,214,29,90,84,285,NA,"15.03.2017 17:16",1,0,5,5,0,0,0.54,0,0.7189839801599245
33,NA,"4zhz0m6a","base","interview","15.03.2017 17:09",93,1,"",28,1,1,NA,"",1,1.667,3.667,1,1,1,1,1,1,1,1,7,7,1,1,1,1,1,1,1,1,4,1,5,2,4,3,3,3,1,5,1,5,1,1,7,1,13,40,15,37,27,132,NA,"15.03.2017 17:11",1,0,5,5,0,0,1.46,23,0.6572440952511925
34,NA,"adb1bkt0","base","interview","15.03.2017 17:10",96,1,"",37,1,3,NA,"7",1,1.611,3.444,3,2,1,1,2,1,1,1,2,5,1,1,1,1,2,1,1,2,3,2,4,3,3,4,4,3,3,3,2,4,3,1,4,3,27,60,24,43,58,212,NA,"15.03.2017 17:13",1,0,5,5,0,0,0.87,1,0.6231716452271512
35,NA,"kfxvpmqy","base","interview","15.03.2017 17:11",111,2,"",19,1,3,NA,"3",1,2.722,2.667,1,1,1,3,7,1,4,2,1,7,2,4,2,1,3,1,2,6,3,1,5,4,2,2,4,4,5,1,5,1,2,1,3,2,31,87,16,71,55,260,NA,"15.03.2017 17:15",1,0,5,5,0,0,0.79,1,0.7034194630027566
36,NA,"hqshm95b","base","interview","15.03.2017 17:12",82,2,"",24,1,1,NA,"",1,1.722,3.778,2,1,1,1,2,1,4,1,4,6,1,1,1,1,1,1,1,1,4,1,5,2,4,4,4,4,2,4,2,4,1,1,3,2,20,33,14,40,31,138,NA,"15.03.2017 17:15",1,0,5,5,0,0,1.33,17,0.5899968797707239
37,NA,"5y42vmml","base","interview","15.03.2017 17:14",96,1,"",21,1,1,NA,"",3,1.611,3.889,1,1,1,2,1,1,1,2,5,6,1,1,1,1,1,1,1,1,4,1,5,2,4,4,4,4,3,3,1,5,2,1,3,3,33,47,9,41,29,159,NA,"15.03.2017 17:17",1,0,5,5,0,0,1.3,18,0.5646622986276219
38,NA,"k16beat6","base","interview","15.03.2017 17:14",92,1,"",23,1,3,NA,"8",1,1.111,3.111,1,1,1,1,1,1,2,1,1,2,1,1,1,1,1,1,1,1,4,1,5,3,3,4,3,3,4,2,3,3,1,1,7,1,24,39,19,33,38,153,NA,"15.03.2017 17:17",1,0,5,5,0,0,1.18,10,0.5256024711943008
39,NA,"gpjou5kl","base","interview","15.03.2017 17:19",93,1,"",24,1,3,NA,"2,5",1,1.833,3.333,1,1,1,1,6,1,1,1,5,7,1,1,1,1,1,1,1,1,3,2,4,4,2,4,3,4,2,4,1,5,1,1,5,1,25,57,17,40,35,174,NA,"15.03.2017 17:22",1,0,5,5,0,0,1.08,5,0.4945166083008299
40,NA,"5su02nh4","base","interview","15.03.2017 17:20",108,2,"",27,1,1,NA,"",3,1.667,3.556,1,2,1,1,1,1,3,1,3,7,1,1,1,1,2,1,1,1,4,1,5,2,4,4,4,3,4,2,2,4,2,1,3,1,17,49,13,37,45,161,NA,"15.03.2017 17:23",1,0,5,5,0,0,1.22,11,0.52462348834591
41,NA,"kt8jskok","base","interview","15.03.2017 17:23",104,2,"",22,1,3,NA,"1,5",1,1.778,3.667,5,2,1,2,1,1,2,1,1,6,1,2,1,1,2,1,1,1,4,1,5,3,3,4,4,4,4,2,1,5,2,1,5,3,26,38,12,40,32,148,NA,"15.03.2017 17:26",1,0,5,5,0,0,1.27,14,0.537861215080117
42,NA,"0hk41tx4","base","interview","15.03.2017 17:26",112,1,"",24,1,1,NA,"",1,1.389,3.444,1,1,1,1,3,1,2,1,2,4,1,1,1,1,1,1,1,1,5,1,5,5,1,5,3,4,3,3,3,3,2,1,7,1,32,58,15,44,52,201,NA,"15.03.2017 17:29",1,0,5,5,0,0,0.95,2,0.5966978928792609
43,NA,"a7w6wghm","base","interview","15.03.2017 17:26",109,1,"",21,1,1,NA,"",1,1.056,3.25,1,1,1,1,1,1,2,1,1,1,1,1,1,1,1,1,1,1,3,2,4,NA,NA,4,3,2,2,4,1,5,1,1,7,1,24,98,44,40,39,218,NA,"15.03.2017 17:30",1,0,5,5,3,3,0.86,4,0.6450377396180552
44,NA,"n07nd5dv","base","interview","15.03.2017 17:28",105,1,"",31,1,2,18,"",3,1.444,3.889,1,1,1,1,1,1,1,1,3,5,1,1,1,1,1,1,1,3,4,1,5,1,5,5,4,4,3,3,3,3,2,1,5,2,90,54,17,42,42,179,NA,"15.03.2017 17:32",1,0,5,5,0,0,0.89,2,0.6728316036434817
45,NA,"qea71bkw","base","interview","15.03.2017 17:29",92,1,"",22,1,3,NA,"5",1,1.611,4.222,1,1,1,1,1,1,3,2,6,4,1,1,1,1,1,1,1,1,4,1,5,1,5,4,4,4,1,5,1,5,2,1,7,3,22,30,22,27,26,127,NA,"15.03.2017 17:32",1,0,5,5,0,0,1.43,24,0.6200928177260605
46,NA,"r15tqzcm","base","interview","15.03.2017 17:30",100,2,"",23,1,2,15,"",1,1.333,3,1,1,1,1,1,1,1,1,1,1,1,1,7,1,1,1,1,1,5,1,5,4,2,3,5,2,5,1,3,3,1,1,7,3,33,103,24,113,59,267,NA,"15.03.2017 17:35",1,0,5,5,0,0,0.63,0,0.6160226627767144
47,NA,"nvoyzazm","base","interview","15.03.2017 17:35",99,1,"",22,1,1,NA,"",5,NA,2.667,NA,NA,NA,NA,NA,NA,NA,NA,NA,NA,NA,NA,NA,NA,NA,NA,NA,NA,2,2,4,2,4,3,1,2,3,3,3,3,2,2,NA,NA,25,55,NA,NA,NA,80,NA,"15.03.2017 17:36",1,0,2,2,0,0,0.95,0,0.6064164801458287
48,NA,"dnj27m48","base","interview","15.03.2017 17:39",104,1,"",26,1,1,NA,"",1,1.778,4.111,1,1,1,1,1,1,1,1,5,7,1,1,1,1,1,1,5,1,4,1,5,3,3,5,5,4,1,5,1,5,1,1,3,2,17,72,21,35,40,185,NA,"15.03.2017 17:42",1,0,5,5,0,0,1.09,9,0.6260277832622891
49,NA,"er1af4nx","base","interview","15.03.2017 17:41",108,1,"",21,1,1,NA,"",1,2.5,2.778,1,1,1,3,1,1,5,1,7,7,1,1,1,1,2,1,5,5,2,2,4,5,1,4,4,4,5,1,2,4,1,1,4,2,24,63,18,55,44,204,NA,"15.03.2017 17:44",1,0,5,5,0,0,0.94,0,0.6739046332610539
50,NA,"3nk8z7no","base","interview","15.03.2017 17:46",88,1,"",24,1,1,NA,"",3,2.333,2.778,2,4,1,2,2,2,1,2,1,7,2,2,2,2,2,1,4,3,3,2,4,3,3,4,3,2,4,2,3,3,1,1,6,3,37,43,24,48,247,198,NA,"15.03.2017 17:53",1,0,5,5,0,0,0.75,2,0.5985845808352958
51,NA,"c848hsq1","base","interview","15.03.2017 17:47",100,2,"",49,1,1,NA,"",2,2.667,3.111,1,1,1,4,5,2,4,3,3,6,2,2,3,1,2,1,3,4,3,2,4,4,2,4,4,4,5,1,2,4,2,1,5,3,18,62,22,78,74,254,NA,"15.03.2017 17:51",1,0,5,5,0,0,0.84,3,0.5950243415758313
52,NA,"ypca4rpw","base","interview","15.03.2017 17:48",99,2,"",25,1,1,NA,"",3,1.833,2.778,1,1,1,1,6,3,1,1,1,7,1,3,1,1,1,1,1,1,5,1,5,4,2,3,4,1,4,2,4,2,1,1,4,2,17,55,24,53,56,205,NA,"15.03.2017 17:51",1,0,5,5,0,0,0.96,4,0.5862233889994132
53,NA,"uzzvf4ov","base","interview","15.03.2017 17:48",97,1,"",23,1,1,NA,"",1,1.444,3.556,1,1,1,1,1,3,3,1,1,NA,NA,NA,NA,NA,NA,NA,NA,NA,4,1,5,2,4,3,4,4,4,2,4,2,4,1,6,2,20,118,21,63,7,163,NA,"15.03.2017 17:52",1,0,5,5,26,26,1.24,58,0.5674723902503432
54,NA,"tjxaskjf","base","interview","15.03.2017 17:48",98,2,"",24,1,3,NA,"7",1,1.944,2.889,1,1,1,1,2,1,3,1,1,7,1,1,6,2,1,1,3,1,2,1,5,3,3,5,3,1,4,2,2,4,1,1,4,2,52,34,18,87,98,209,NA,"15.03.2017 17:53",1,0,5,5,0,0,0.79,5,0.5543110508951208
55,NA,"0s4gs5hu","base","interview","15.03.2017 17:50",95,1,"",26,1,1,NA,"",1,2.222,2.778,1,2,1,1,4,3,4,1,5,6,1,2,1,1,2,1,2,2,4,2,4,2,4,3,2,1,5,1,2,4,2,1,5,3,14,38,12,43,49,156,NA,"15.03.2017 17:53",1,0,5,5,0,0,1.31,16,0.5281962794889812
56,NA,"tk11m53x","base","interview","15.03.2017 17:53",107,2,"",26,1,2,11,"",1,3.278,3.111,2,1,1,3,2,3,3,2,6,7,3,5,5,3,5,3,2,3,2,1,5,4,2,3,4,3,2,4,2,4,1,1,3,2,20,42,36,59,51,208,NA,"15.03.2017 17:56",1,0,5,5,0,0,0.93,4,0.5591214211420746
57,NA,"55au9380","base","interview","15.03.2017 17:57",101,1,"",24,1,1,NA,"",1,NA,3.375,NA,NA,NA,NA,NA,NA,NA,NA,NA,NA,NA,NA,NA,NA,NA,NA,NA,NA,2,1,5,5,1,4,4,4,2,4,NA,NA,3,2,NA,NA,16,34,NA,NA,NA,50,NA,"15.03.2017 17:57",1,0,2,2,7,7,1.51,26,0.5610570646706549
58,NA,"w43crywl","base","interview","15.03.2017 17:59",99,2,"",25,1,3,NA,"7",2,2.444,3.222,2,1,1,1,1,2,4,1,4,7,1,3,2,1,7,1,3,2,4,1,5,2,4,2,4,3,3,3,3,3,1,1,3,3,22,48,9,62,46,187,NA,"15.03.2017 18:02",1,0,5,5,0,0,1.17,11,0.5530359539414893
59,NA,"am3hwf51","base","interview","15.03.2017 18:04",94,1,"",22,1,3,NA,"5 1/2",1,2.556,2,1,1,1,3,6,6,7,2,2,6,1,1,1,2,2,1,1,2,2,2,4,5,1,3,2,1,5,1,3,3,1,1,5,2,30,68,19,69,58,244,NA,"15.03.2017 18:08",1,0,5,5,0,0,0.79,0,0.5224118997369429
60,NA,"uzxj44ab","base","interview","15.03.2017 18:08",104,2,"",24,1,1,NA,"",1,3.389,4.556,4,5,1,5,7,7,7,2,4,7,2,2,1,1,1,1,2,2,4,1,5,2,4,5,5,4,1,5,1,5,4,1,2,2,25,57,21,67,55,225,NA,"15.03.2017 18:11",1,0,5,5,0,0,0.85,0,0.5383571801754115
62,NA,"lz6kn7oc","base","interview","15.03.2017 18:20",102,2,"",24,1,2,6,"",1,2.167,3.667,1,1,1,2,3,2,3,1,4,6,1,1,1,1,5,1,2,3,3,1,5,4,2,4,5,3,2,4,2,4,3,1,3,3,34,70,24,74,62,264,NA,"15.03.2017 18:24",1,0,5,5,0,0,0.71,0,0.5452773840969943
63,NA,"xj4xsdlz","base","interview","15.03.2017 18:27",99,1,"",24,1,2,2,"",1,2.333,3.222,1,2,1,3,3,2,5,1,6,6,1,1,1,1,1,1,1,5,4,1,5,2,4,3,2,4,3,3,3,3,1,1,7,1,76,52,11,77,36,200,NA,"15.03.2017 18:31",1,0,5,5,0,0,0.95,8,0.5376343920681057
64,NA,"2xjlpz1v","base","interview","15.03.2017 18:27",103,1,"",22,1,2,32,"",1,1.778,2.889,1,1,1,1,1,1,3,1,7,7,1,1,1,1,1,1,1,1,3,2,4,5,1,4,4,3,4,2,2,4,1,1,7,2,48,54,25,42,33,202,NA,"15.03.2017 18:31",1,0,5,5,0,0,0.94,5,0.5499093994961011
65,NA,"903qtkew","base","interview","15.03.2017 18:30",103,2,"",25,1,3,NA,"5",1,3.944,3.222,1,6,1,5,5,3,4,2,6,7,2,5,3,5,2,2,7,5,3,1,5,3,3,2,4,4,3,3,3,3,2,1,3,2,16,73,15,63,79,246,NA,"15.03.2017 18:34",1,0,5,5,0,0,0.94,6,0.5629246425040577
66,NA,"vg8xcna6","base","interview","15.03.2017 18:35",91,2,"",24,1,3,NA,"5",1,2.556,3.778,1,1,1,1,6,3,5,1,1,7,1,1,7,2,2,1,2,3,4,1,5,1,5,4,5,4,3,3,3,3,1,1,5,2,26,33,18,35,31,143,NA,"15.03.2017 18:38",1,0,5,5,0,0,1.26,14,0.5173472236283289
67,NA,"ktlwa6lh","base","interview","15.03.2017 18:51",104,2,"",27,1,1,NA,"",1,5.588,2.667,6,5,2,7,3,2,5,NA,6,7,7,7,7,7,5,5,7,7,3,2,4,4,2,2,2,1,2,4,1,5,1,1,1,3,20,55,26,63,69,233,NA,"15.03.2017 18:55",1,0,5,5,3,3,0.85,2,0.533743760372671
68,NA,"d1t236v1","base","interview","15.03.2017 18:51",107,2,"",24,1,1,NA,"",1,3,3.444,2,5,1,4,3,5,6,3,5,6,1,2,1,1,1,1,4,3,5,1,5,1,5,4,2,3,3,3,3,3,1,1,3,3,31,62,52,68,58,236,NA,"15.03.2017 18:56",1,0,5,5,0,0,0.69,0,0.5673390267103675
69,NA,"nx2pyh1b","base","interview","15.03.2017 18:53",98,1,"",23,1,2,8,"",2,2.056,2.889,1,1,1,4,2,1,2,3,1,3,1,1,7,1,1,1,1,5,5,1,5,4,2,2,4,3,4,2,4,2,1,1,2,3,29,58,10,55,46,198,NA,"15.03.2017 18:56",1,0,5,5,0,0,1.06,7,0.5543663878893083
70,NA,"03bjmjde","base","interview","15.03.2017 18:59",97,2,"",29,1,3,NA,"5",1,2.167,4,2,1,1,1,2,1,2,1,7,6,2,2,2,1,2,1,2,3,5,1,5,4,2,4,4,5,2,4,2,4,3,1,4,3,26,80,22,86,118,260,NA,"15.03.2017 19:04",1,0,5,5,0,0,0.66,0,0.5369058993889655
71,NA,"kry249tt","base","interview","15.03.2017 19:02",89,2,"",57,2,3,NA,"25",1,2.111,3.111,1,1,1,1,3,2,5,1,1,5,2,2,2,4,1,1,1,4,2,2,4,4,2,3,3,3,2,4,2,4,3,1,4,1,34,127,36,87,97,255,NA,"15.03.2017 19:08",1,0,5,5,0,0,0.52,0,0.48731533729586307
72,NA,"9yg28f9p","base","interview","15.03.2017 19:04",108,1,"",24,1,1,NA,"",1,1.278,3.333,1,1,1,1,1,1,1,1,1,5,1,1,1,1,1,1,2,1,2,1,5,4,2,4,4,4,2,4,2,4,1,1,7,1,22,40,42,28,42,149,NA,"15.03.2017 19:07",1,0,5,5,0,0,1.12,12,0.5204944329432536
73,NA,"ewo20ohj","base","interview","15.03.2017 19:10",93,1,"",25,1,3,NA,"3",1,1.444,3,1,1,1,1,1,1,1,3,1,7,1,1,1,1,1,1,1,1,3,1,5,4,2,4,3,3,4,2,2,4,1,1,6,3,23,44,21,38,32,158,NA,"15.03.2017 19:13",1,0,5,5,0,0,1.15,9,0.4888621374303834
74,NA,"f2vhlau7","base","interview","15.03.2017 19:10",98,1,"",25,1,3,NA,"6,5",1,2.5,3,3,2,1,1,1,3,3,3,2,6,2,2,1,2,1,3,5,4,2,1,5,4,2,4,4,4,5,1,2,4,1,1,7,3,34,55,17,51,46,203,NA,"15.03.2017 19:14",1,0,5,5,0,0,0.92,0,0.4786829692954904
75,NA,"apvx53su","base","interview","15.03.2017 19:11",106,2,"",25,1,1,NA,"",1,2.111,2.778,1,1,1,1,1,1,7,1,1,7,1,3,3,2,1,2,2,2,4,1,5,3,3,4,2,3,5,1,5,1,2,1,3,3,33,47,21,41,51,193,NA,"15.03.2017 19:14",1,0,5,5,0,0,0.94,3,0.501741377489174
76,NA,"uw43cbg0","base","interview","15.03.2017 19:18",81,2,"",28,1,1,NA,"",1,1.611,2.667,2,2,1,2,1,1,1,1,5,5,1,1,1,1,1,1,1,1,3,1,5,4,2,4,3,2,4,2,4,2,1,1,3,3,15,58,13,49,45,180,NA,"15.03.2017 19:21",1,0,5,5,0,0,1.16,9,0.43616352021720284
77,NA,"wtmuukm9","base","interview","15.03.2017 19:22",99,2,"",24,1,3,NA,"5",1,2.222,3.667,1,1,1,6,7,2,4,1,2,6,1,1,1,1,2,1,1,1,4,2,4,5,1,5,5,4,2,4,2,4,2,1,3,2,39,118,24,81,86,282,NA,"15.03.2017 19:28",1,0,5,5,0,0,0.58,0,0.4309672060610199
78,NA,"n6rk9w0l","base","interview","15.03.2017 19:39",107,1,"",20,1,3,NA,"1,5",1,2.778,4.111,1,1,1,3,5,6,7,1,5,7,1,1,3,3,1,1,2,1,4,1,5,2,4,4,5,4,2,4,1,5,2,1,4,3,25,40,9,44,35,153,NA,"15.03.2017 19:42",1,0,5,5,0,0,1.31,16,0.45262241159887406
79,NA,"t1txgjdk","base","interview","15.03.2017 19:39",103,1,"",22,1,3,NA,"5",1,1.667,2.889,1,1,1,1,5,2,3,1,1,3,1,2,1,2,2,1,1,1,3,2,4,4,2,4,4,3,5,1,2,4,1,1,7,1,36,86,27,93,102,288,NA,"15.03.2017 19:45",1,0,5,5,0,0,0.57,0,0.4611183814460007
80,NA,"sykceo00","base","interview","15.03.2017 19:40",111,2,"",27,1,3,NA,"6",1,2.278,2.889,1,2,1,1,1,1,2,2,3,5,3,3,3,3,5,1,1,3,3,1,5,3,3,3,3,3,4,2,4,2,2,1,3,3,27,59,49,58,74,235,NA,"15.03.2017 19:44",1,0,5,5,0,0,0.71,0,0.5023452890838188
82,NA,"awp5se7u","base","interview","15.03.2017 19:53",106,2,"",20,2,2,6,"",1,1.833,2.889,1,1,1,1,1,4,4,1,1,6,1,1,1,1,2,1,3,2,3,1,5,4,2,3,2,1,1,5,3,3,2,1,5,1,40,64,26,81,60,271,NA,"15.03.2017 19:58",1,0,5,5,0,0,0.69,0,0.5259274795663249
83,NA,"x1u4u5n2","base","interview","15.03.2017 19:56",101,1,"",34,1,3,NA,"7",1,2.389,4.111,1,1,1,1,6,1,4,1,7,7,1,1,1,3,1,2,1,3,5,1,5,1,5,4,4,4,2,4,2,4,2,1,6,1,35,131,14,64,70,235,NA,"15.03.2017 20:02",1,0,5,5,0,0,0.74,2,0.5283249886987144
84,NA,"jul3gb86","base","interview","15.03.2017 20:05",88,1,"",25,1,3,NA,"7",1,1.611,3.778,1,1,1,1,1,1,1,1,5,3,1,1,1,1,1,1,1,6,3,1,5,4,2,5,5,4,4,2,1,5,3,1,7,2,21,41,12,35,37,146,NA,"15.03.2017 20:08",1,0,5,5,0,0,1.29,14,0.47918971014201617
85,NA,"9k93vnnf","base","interview","15.03.2017 20:06",86,2,"",27,1,1,NA,"",2,1.556,3.667,1,1,1,2,1,1,3,1,1,6,1,1,1,1,1,1,1,3,4,1,5,1,5,4,2,3,2,4,2,4,2,1,3,3,20,52,13,46,41,172,NA,"15.03.2017 20:09",1,0,5,5,0,0,1.13,7,0.4332424220124444
86,NA,"lqq3m10r","base","interview","15.03.2017 20:22",98,1,"",23,1,1,NA,"",1,1.444,3.778,1,1,1,1,1,1,6,1,2,3,1,1,1,1,1,1,1,1,4,1,5,3,3,5,4,4,2,4,2,4,1,1,6,2,17,58,16,35,36,162,NA,"15.03.2017 20:25",1,0,5,5,0,0,1.2,11,0.4254879998112728
87,NA,"r2c5o55w","base","interview","15.03.2017 20:25",114,2,"",25,1,1,NA,"",1,1.333,4.111,1,1,1,1,1,1,1,1,1,7,1,1,1,1,1,1,1,1,5,1,5,2,4,5,4,3,1,5,1,5,1,1,3,3,19,31,10,30,28,118,NA,"15.03.2017 20:27",1,0,5,5,0,0,1.58,29,0.471060929437921
88,NA,"p45fkpbt","base","interview","15.03.2017 20:26",108,1,"",28,1,2,1,"",1,2.722,3.429,1,1,1,1,4,5,3,1,7,7,1,1,7,1,1,1,1,5,4,1,5,2,4,4,NA,3,NA,NA,3,3,1,1,5,3,26,44,15,53,43,181,NA,"15.03.2017 20:29",1,0,5,5,6,6,1.04,4,0.4988375286752309
89,NA,"tx1b8rpa","base","interview","15.03.2017 20:27",107,2,"",25,1,2,1,"",1,5,2.556,3,4,3,5,6,6,6,6,4,7,5,5,6,6,5,3,4,6,2,2,4,4,2,3,2,2,3,3,3,3,2,1,3,4,58,48,22,54,45,193,NA,"15.03.2017 20:31",1,0,5,5,0,0,0.84,1,0.52514051886001345
90,NA,"b68e4w9z","base","interview","15.03.2017 20:28",101,1,"",26,1,1,NA,"",1,1.222,3.111,1,1,1,1,1,1,1,1,1,4,1,1,1,2,1,1,1,1,3,3,3,3,3,4,3,4,3,3,3,3,2,1,7,2,30,58,63,61,71,237,NA,"15.03.2017 20:33",1,0,5,5,0,0,0.68,0,0.5274776610085383
91,NA,"2s9yz7gl","base","interview","15.03.2017 20:34",110,2,"",26,1,1,NA,"",1,1.611,4.222,1,1,1,1,1,1,5,1,2,5,1,1,1,1,3,1,1,1,4,1,5,2,4,4,4,4,1,5,1,5,3,1,3,3,17,42,18,38,39,154,NA,"15.03.2017 20:36",1,0,5,5,0,0,1.21,11,0.570696673779124
92,NA,"31gsu4gj","base","interview","15.03.2017 20:37",84,1,"",22,1,2,1,"",1,2.667,3.222,1,1,1,1,1,3,1,1,7,5,1,1,1,1,1,7,7,7,2,1,5,4,2,4,4,3,2,4,2,4,1,1,7,3,28,71,17,54,37,207,NA,"15.03.2017 20:40",1,0,5,5,0,0,0.94,2,0.5021341541688288
93,NA,"0zd1qfug","base","interview","15.03.2017 20:39",102,1,"",27,1,3,NA,"7",1,1.778,4.111,1,1,1,1,4,2,1,1,4,3,2,2,1,1,2,1,1,3,4,1,5,2,4,4,4,4,1,5,2,4,3,1,5,3,18,72,19,121,114,203,NA,"15.03.2017 20:45",1,0,5,5,0,0,0.75,3,0.5079656813352547
94,NA,"qyswqw3u","base","interview","15.03.2017 20:43",104,1,"",24,1,3,NA,"4",1,3.056,3.111,2,6,1,4,7,6,7,2,1,5,1,1,1,1,1,1,6,2,3,1,5,3,3,4,4,4,4,2,4,2,1,1,2,2,45,31,20,92,29,217,NA,"15.03.2017 20:47",1,0,5,5,0,0,1.03,13,0.5220094182479408
95,NA,"xqvnqoho","base","interview","15.03.2017 20:45",120,2,"",40,1,3,NA,"3",1,2.167,3.778,1,2,1,1,3,1,7,1,7,7,1,1,1,1,1,1,1,1,4,1,5,2,4,3,5,2,1,5,1,5,1,1,7,3,28,60,27,74,52,241,NA,"15.03.2017 20:49",1,0,5,5,0,0,0.78,0,0.6103131827893866
96,NA,"96859007","base","interview","15.03.2017 20:47",103,2,"",28,1,1,NA,"",1,2.444,3.444,2,1,1,1,1,2,2,1,4,6,2,3,7,2,3,1,3,2,4,2,4,2,4,3,4,3,2,4,3,3,2,1,3,2,11,36,10,35,35,127,NA,"15.03.2017 20:49",1,0,5,5,0,0,1.6,30,0.6239351583052742
97,NA,"m92zg5t2","base","interview","15.03.2017 20:49",122,1,"",43,1,1,NA,"",3,1.778,3.667,1,1,1,1,1,1,1,1,6,4,1,1,7,1,1,1,1,1,3,1,5,4,2,4,3,3,1,5,1,5,3,1,6,3,20,25,11,19,22,97,NA,"15.03.2017 20:51",1,0,5,5,0,0,1.89,44,0.7463166121423763
98,NA,"mgjgplm3","base","interview","15.03.2017 20:50",103,2,"",25,1,1,NA,"",1,3.556,2.889,2,3,1,4,5,3,3,4,1,7,4,3,5,3,5,2,4,5,4,1,5,3,3,3,2,1,4,2,2,4,2,1,4,1,12,54,12,56,121,180,NA,"15.03.2017 20:54",1,0,5,5,0,0,1.12,14,0.7651211402205026
99,NA,"ru7b1gn7","base","interview","15.03.2017 20:53",96,1,"",35,1,1,NA,"",1,1.278,3.556,1,1,1,1,1,1,1,1,1,6,1,1,1,1,1,1,1,1,4,1,5,3,3,4,4,4,3,3,3,3,2,1,4,2,13,35,11,28,34,121,NA,"15.03.2017 20:55",1,0,5,5,0,0,1.59,29,0.7355657046275874
100,NA,"efa2x3rh","base","interview","15.03.2017 20:58",106,2,"",30,1,3,NA,"4",1,3.833,3.333,4,1,2,5,5,4,5,1,3,6,5,4,3,5,5,1,6,4,3,1,5,4,2,4,4,4,3,3,3,3,2,1,3,3,23,75,25,33,34,190,NA,"15.03.2017 21:01",1,0,5,5,0,0,1.04,9,0.7745878287416178
101,NA,"quxs65q8","base","interview","15.03.2017 21:06",97,2,"",24,1,1,NA,"",1,3.278,2.333,1,5,1,1,6,2,6,5,1,6,4,2,5,4,1,1,6,2,2,1,5,4,2,1,3,4,5,1,4,2,1,1,3,3,23,69,17,66,67,242,NA,"15.03.2017 21:10",1,0,5,5,0,0,0.84,0,0.7514350639599868
102,NA,"ow8wdcpb","base","interview","15.03.2017 21:07",91,2,"",23,1,1,NA,"",1,1.556,2.75,1,3,1,1,1,1,1,1,1,7,1,1,1,1,1,1,1,3,NA,1,5,2,4,3,3,2,4,2,4,2,1,1,5,3,14,56,39,53,49,211,NA,"15.03.2017 21:11",1,0,5,5,3,3,0.98,7,0.6902075795427199
103,NA,"dtno08xl","base","interview","15.03.2017 21:10",104,1,"",31,1,3,NA,"13",3,2,3.556,1,1,1,1,1,2,2,1,7,7,1,1,1,1,1,1,1,5,2,1,5,4,2,4,5,5,2,4,2,4,1,1,7,2,21,68,18,58,52,217,NA,"15.03.2017 21:13",1,0,5,5,0,0,0.91,1,0.7128771855258944
104,NA,"k3llmfek","base","interview","15.03.2017 21:16",91,1,"",28,1,1,NA,"",3,1.278,3.778,1,1,1,1,1,1,1,1,1,6,1,1,1,1,1,1,1,1,5,1,5,1,5,3,4,3,2,4,2,4,1,1,6,3,13,37,19,29,37,135,NA,"15.03.2017 21:19",1,0,5,5,0,0,1.41,21,0.6568180955333559
105,NA,"t0h41ehr","base","interview","15.03.2017 21:17",89,2,"",24,1,2,4,"",1,2.556,3.333,1,1,1,4,1,6,2,1,4,6,1,1,7,3,1,1,2,3,4,1,5,3,3,4,5,2,4,2,3,3,2,1,5,3,26,96,37,78,50,287,NA,"15.03.2017 21:22",1,0,5,5,0,0,0.69,0,0.5982818122397913
107,NA,"y0gwn72s","base","interview","15.03.2017 21:19",96,1,"",33,1,1,NA,"",1,1.722,3.111,1,1,1,1,3,2,2,1,4,1,1,7,1,1,1,1,1,1,4,1,5,3,3,3,4,3,4,2,3,3,1,1,7,1,16,52,10,38,35,151,NA,"15.03.2017 21:21",1,0,5,5,0,0,1.36,18,0.5783907006981344
110,NA,"j1b01u7a","base","interview","15.03.2017 21:19",100,2,"",35,1,1,NA,"",1,1.5,2.667,1,1,1,1,1,1,1,1,4,7,1,1,1,1,1,1,1,1,3,1,5,5,1,3,3,2,5,1,1,5,1,1,3,2,25,55,15,35,34,164,NA,"15.03.2017 21:22",1,0,5,5,0,0,1.15,9,0.5768250421626162
112,NA,"ao7yxkt9","base","interview","15.03.2017 21:27",117,2,"",24,1,1,NA,"",1,3.111,4.222,2,2,1,2,6,5,7,7,3,4,1,2,2,3,4,2,1,2,5,1,5,2,4,5,5,4,3,3,3,3,4,1,4,3,23,65,24,75,73,260,NA,"15.03.2017 21:31",1,0,5,5,0,0,0.76,0,0.6561525284598998
113,NA,"5zvtyreg","base","interview","15.03.2017 21:31",115,1,"",26,1,3,NA,"1,5",1,NA,3.111,NA,NA,NA,NA,NA,NA,NA,NA,NA,NA,NA,NA,NA,NA,NA,NA,NA,NA,2,2,4,3,3,4,4,3,3,3,3,3,2,2,NA,NA,30,52,NA,NA,NA,82,NA,"15.03.2017 21:33",1,0,2,2,0,0,0.9,0,0.7391479293149695
114,NA,"klcrxdc3","base","interview","15.03.2017 21:40",107,2,"",56,2,3,NA,"29",1,1,3.222,1,1,1,1,1,1,1,1,1,1,1,1,1,1,1,1,1,1,3,1,5,1,5,3,3,3,4,2,2,4,1,1,7,1,31,55,34,37,44,201,NA,"15.03.2017 21:43",1,0,5,5,0,0,0.91,3,0.7836069143645831
115,NA,"2tqcs6u3","base","interview","15.03.2017 21:53",97,1,"",28,1,1,NA,"",1,1.333,3,1,1,1,1,1,3,1,1,1,5,1,1,1,1,1,1,1,1,3,1,5,4,2,3,3,4,3,3,3,3,1,1,7,3,16,39,16,50,38,159,NA,"15.03.2017 21:56",1,0,5,5,0,0,1.21,11,0.7610708398751255
116,NA,"qqdy9bp6","base","interview","15.03.2017 21:56",104,2,"",24,1,1,NA,"",1,2.333,3.444,1,2,1,3,3,2,3,1,1,6,3,4,2,2,2,2,1,3,4,1,5,2,4,3,3,3,2,4,2,4,1,1,2,2,21,50,30,47,55,203,NA,"15.03.2017 21:59",1,0,5,5,0,0,0.92,2,0.7869231050082023
117,NA,"caf8x5zl","base","interview","15.03.2017 22:05",106,1,"",24,1,1,NA,"",1,2.833,3.333,1,1,1,5,1,1,1,1,6,7,2,5,7,2,2,2,4,2,4,1,5,2,4,4,4,2,4,2,2,4,1,1,3,3,50,110,27,119,166,255,NA,"15.03.2017 22:13",1,0,5,5,0,0,0.45,0,0.8290229293191488
118,NA,"m47gv0sx","base","interview","15.03.2017 22:14",110,1,"",24,1,1,NA,"",1,2.833,3.667,2,1,1,1,1,4,4,2,2,6,5,3,4,3,3,1,6,2,4,1,5,2,4,4,4,3,4,2,3,3,4,1,2,2,20,43,10,45,48,166,NA,"15.03.2017 22:16",1,0,5,5,0,0,1.23,12,0.9068890364691272
119,NA,"41s36zh6","base","interview","15.03.2017 22:14",99,2,"",22,1,1,NA,"",3,3.722,4,2,1,1,2,5,6,7,5,5,4,5,2,6,6,2,1,4,3,3,1,5,5,1,4,5,4,1,5,1,5,4,1,2,1,14,40,17,43,43,157,NA,"15.03.2017 22:16",1,0,5,5,0,0,1.24,12,0.8964967344573485
120,NA,"3xohuw5o","base","interview","15.03.2017 22:16",99,2,"",26,1,1,NA,"",1,2.278,3,1,1,1,3,1,1,1,1,3,7,5,6,4,1,2,1,1,1,3,1,5,2,4,2,4,1,4,2,3,3,3,1,3,3,22,72,47,91,102,248,NA,"15.03.2017 22:21",1,0,5,5,0,0,0.63,1,0.8862481201481595
123,NA,"sop70und","base","interview","15.03.2017 22:26",103,2,"",27,1,1,NA,"",1,3.444,3.556,1,1,1,3,2,6,7,1,1,6,6,5,6,2,3,1,4,6,2,1,5,4,2,5,4,4,2,4,1,5,1,1,3,3,19,66,20,47,70,222,NA,"15.03.2017 22:29",1,0,5,5,0,0,0.92,3,0.9109512605739384
124,NA,"ezdcdxge","base","interview","15.03.2017 22:27",101,3,"Helikopter",21,1,1,NA,"",1,3.167,3.333,2,7,1,4,2,1,1,4,6,7,2,6,2,2,3,1,5,1,5,1,5,4,2,3,3,1,1,5,1,5,1,1,2,2,36,36,15,55,43,185,NA,"15.03.2017 22:30",1,0,5,5,0,0,1.04,6,0.918585938563149
126,NA,"ddghk62p","base","interview","15.03.2017 22:37",95,2,"",35,1,3,NA,"13",1,2.389,3.778,1,1,1,1,1,2,7,1,6,6,2,6,2,1,1,1,1,2,4,1,5,3,3,4,4,4,2,4,2,4,2,1,5,3,26,37,15,51,55,184,NA,"15.03.2017 22:40",1,0,5,5,0,0,1.05,5,0.8718051076272958
127,NA,"5yedp2c7","base","interview","15.03.2017 22:39",104,2,"",18,1,1,NA,"",3,4.056,4.556,5,4,2,3,1,1,5,6,7,7,5,5,3,3,7,1,2,6,5,1,5,2,4,4,5,3,1,5,1,5,5,1,3,4,17,50,25,68,55,215,NA,"15.03.2017 22:42",1,0,5,5,0,0,0.93,5,0.9046347528612628
128,NA,"6r2bf9x6","base","interview","15.03.2017 22:48",110,1,"",23,1,3,NA,"4",1,1.444,2.556,1,1,1,1,1,1,2,1,1,2,1,7,1,1,1,1,1,1,3,2,4,4,2,3,4,2,4,2,4,2,1,1,7,1,20,41,12,37,37,147,NA,"15.03.2017 22:51",1,0,5,5,0,0,1.29,14,0.9946900846446205
129,NA,"t48jvtbr","base","interview","15.03.2017 22:50",101,1,"",24,1,2,3,"",1,1.778,3.125,1,1,1,3,1,1,1,1,1,7,1,1,2,1,2,1,2,4,2,2,4,3,3,4,4,NA,3,3,3,3,2,1,5,2,31,49,17,46,36,179,NA,"15.03.2017 22:53",1,0,5,5,3,3,1.03,4,1.003724098263698
130,NA,"3qqw6gc4","base","interview","15.03.2017 22:53",115,1,"",22,1,1,NA,"",3,1.444,3.111,1,1,1,2,1,1,1,1,1,6,1,1,1,1,2,1,1,2,3,1,5,2,4,3,3,3,4,2,2,4,1,1,7,2,20,38,13,35,42,148,NA,"15.03.2017 22:56",1,0,5,5,0,0,1.27,13,1.1617750443795234
131,NA,"xbgvq6ud","base","interview","15.03.2017 23:01",95,1,"",25,1,2,4,"",1,1.5,3.111,1,1,1,1,1,1,2,1,3,6,1,1,1,1,1,1,2,1,2,2,4,4,2,4,3,4,4,2,2,4,3,1,7,2,33,53,18,50,36,190,NA,"15.03.2017 23:04",1,0,5,5,0,0,0.98,3,1.0959136896314923
132,NA,"5f7nsoy7","base","interview","15.03.2017 23:02",98,2,"",19,1,1,NA,"",1,1.944,3.222,1,1,1,2,3,1,1,1,1,7,3,3,2,2,2,1,2,1,4,1,5,4,2,3,4,4,3,3,3,3,1,1,3,3,20,39,11,47,47,164,NA,"15.03.2017 23:04",1,0,5,5,0,0,1.22,11,1.0707849695410065
133,NA,"ulcqef6c","base","interview","15.03.2017 23:04",98,2,"",31,1,1,NA,"",1,2.056,3.778,1,1,1,1,1,3,6,3,6,6,1,1,1,1,1,1,1,1,3,1,5,4,2,3,5,3,1,5,1,5,3,1,3,3,17,61,13,43,55,189,NA,"15.03.2017 23:07",1,0,5,5,0,0,1.1,8,1.0464428165581083
134,NA,"ln1zvqno","base","interview","15.03.2017 23:09",107,1,"",23,1,1,NA,"",1,NA,2.333,NA,NA,NA,NA,NA,NA,NA,NA,NA,NA,NA,NA,NA,NA,NA,NA,NA,NA,1,2,4,5,1,3,3,2,4,2,2,4,1,2,NA,NA,21,60,NA,NA,NA,81,NA,"15.03.2017 23:10",1,0,2,2,0,0,1,4,1.123978527656633
135,NA,"vuxcjofn","base","interview","15.03.2017 23:09",115,1,"",26,1,1,NA,"",2,1.833,2.556,1,1,1,2,7,5,3,1,1,2,1,1,1,1,1,1,2,1,3,2,4,5,1,4,3,2,5,1,2,4,1,1,6,2,24,79,32,72,44,251,NA,"15.03.2017 23:13",1,0,5,5,0,0,0.78,0,1.308922257802033
138,NA,"6eqr68sm","base","interview","15.03.2017 23:30",105,1,"",24,1,1,NA,"",1,1.833,4.222,1,1,1,1,1,1,2,3,7,7,1,1,1,1,1,1,1,1,5,1,5,1,5,5,5,4,2,4,2,4,1,1,7,3,15,52,28,65,40,200,NA,"15.03.2017 23:34",1,0,5,5,0,0,1.02,8,1.385366405606299
139,NA,"tvm0c2at","base","interview","15.03.2017 23:47",97,1,"",16,1,1,NA,"",2,6.5,4.778,7,7,7,7,7,7,7,7,7,7,6,7,7,7,7,4,5,4,5,1,5,1,5,5,5,5,2,4,2,4,5,1,1,4,18,40,40,22,52,172,NA,"15.03.2017 23:50",1,0,5,5,0,0,1.22,18,1.3339185443420747
140,NA,"te0eau9u","base","interview","15.03.2017 23:59",99,2,"",28,1,3,NA,"6",2,2.111,3.556,2,1,1,4,1,1,1,1,4,6,2,2,3,2,1,1,2,3,4,1,5,1,5,4,4,4,4,2,4,2,2,1,3,3,39,58,18,67,57,239,NA,"16.03.2017 00:03",1,0,5,5,0,0,0.8,0,1.316825206254083
141,NA,"w8hcll3c","base","interview","16.03.2017 00:29",94,2,"",36,1,1,NA,"",1,2.222,4.778,5,1,1,1,1,1,1,1,7,4,1,1,7,1,1,1,1,4,5,1,5,1,5,5,5,5,1,5,1,5,3,1,3,4,30,71,36,76,69,282,NA,"16.03.2017 00:33",1,0,5,5,0,0,0.66,0,1.2228442517458735
142,NA,"ymgg02pf","base","interview","16.03.2017 00:59",104,2,"",21,1,1,NA,"",1,2,3.667,1,1,1,1,5,1,5,1,1,6,1,1,1,1,3,1,1,4,4,1,5,2,4,4,3,3,2,4,2,4,2,1,3,2,19,39,9,39,64,170,NA,"16.03.2017 01:02",1,0,5,5,0,0,1.29,17,1.2778840360071861
143,NA,"j6znmton","base","interview","16.03.2017 01:06",93,2,"",25,1,2,15,"",1,2.167,3.889,1,1,1,3,4,1,4,1,1,6,2,2,3,3,2,1,1,2,5,1,5,1,5,4,3,3,3,3,1,5,2,1,3,3,34,35,11,45,44,169,NA,"16.03.2017 01:09",1,0,5,5,0,0,1.17,11,1.1735248831033482
144,NA,"02suz1tv","base","interview","16.03.2017 01:10",110,2,"",57,3,3,NA,"12",1,2.556,3.444,1,1,1,1,2,2,2,5,7,5,5,5,2,2,1,1,1,2,4,1,5,4,2,4,3,4,4,2,1,5,2,1,4,4,28,43,13,49,54,187,NA,"16.03.2017 01:14",1,0,5,5,0,0,1.04,5,1.3043114354898977
145,NA,"qge84ubh","base","interview","16.03.2017 01:17",98,2,"",47,1,1,NA,"",2,4.889,2.778,2,6,1,6,6,4,6,6,7,7,6,6,5,4,4,2,5,5,2,2,4,4,2,3,4,4,4,2,4,2,2,1,3,5,20,44,21,46,44,175,NA,"16.03.2017 01:19",1,0,5,5,0,0,1.06,5,1.2725390469566364
147,NA,"h3aa7oak","base","interview","16.03.2017 01:35",101,2,"",32,1,3,NA,"5",1,2.389,3.444,3,1,1,2,3,2,5,2,2,4,2,2,3,3,2,1,2,3,3,1,5,3,3,4,4,3,3,3,2,4,2,1,5,2,26,51,28,66,79,250,NA,"16.03.2017 01:39",1,0,5,5,0,0,0.77,0,1.2861852224431494
148,NA,"u23mw3he","base","interview","16.03.2017 06:01",93,2,"",33,1,1,NA,"",1,4,3.444,4,1,3,5,3,2,2,4,5,6,5,5,3,5,5,4,5,5,2,1,5,4,2,4,4,4,2,4,2,4,2,1,3,3,19,58,17,71,74,239,NA,"16.03.2017 06:05",1,0,5,5,0,0,0.89,3,1.1811401973902136
149,NA,"r5my2w44","base","interview","16.03.2017 07:20",97,2,"",27,1,3,NA,"4",1,2.222,4,2,1,1,4,2,1,1,3,1,7,3,3,3,2,2,1,2,1,4,1,5,2,4,NA,5,2,2,4,1,5,3,1,3,3,20,35,12,45,47,159,NA,"16.03.2017 07:23",1,0,5,5,3,3,1.23,12,1.1404071043461128
151,NA,"klwqjykm","base","interview","16.03.2017 08:06",95,2,"",37,1,1,NA,"",1,3,3.667,2,1,1,3,3,2,1,1,7,7,3,3,3,5,1,1,6,4,3,1,5,4,2,5,5,4,2,4,2,4,1,1,3,2,18,36,10,39,43,146,NA,"16.03.2017 08:09",1,0,5,5,0,0,1.36,18,1.0769956125740565
152,NA,"9a684lj5","base","interview","16.03.2017 08:15",93,2,"",27,1,2,54,"",1,1.611,3.444,1,1,1,1,1,1,1,1,7,3,1,1,1,1,1,1,4,1,5,1,5,5,1,5,5,5,5,1,5,1,3,1,4,4,117,83,24,144,91,270,NA,"16.03.2017 08:22",1,0,5,5,0,0,0.48,0,0.9964891176933438
153,NA,"sfudut3x","base","interview","16.03.2017 08:38",98,1,"",26,1,3,NA,"2,4",3,2,3.667,1,1,1,1,2,3,3,1,1,7,2,2,1,1,2,1,4,2,2,1,5,1,5,5,5,3,3,3,2,4,1,1,3,2,37,46,16,38,63,200,NA,"16.03.2017 08:41",1,0,5,5,0,0,0.97,5,0.974857994766988
154,NA,"kd54on6k","base","interview","16.03.2017 08:48",94,2,"",26,1,3,NA,"2",1,1.389,2.667,1,1,1,2,1,1,1,1,1,7,1,1,1,1,1,1,1,1,3,2,4,3,3,5,4,2,5,1,5,1,1,1,3,3,28,49,19,43,51,190,NA,"16.03.2017 08:51",1,0,5,5,0,0,0.97,2,0.9151346698517335
155,NA,"2m3umb6s","base","interview","16.03.2017 08:53",111,1,"",22,1,2,9,"",1,NA,2.889,NA,NA,NA,NA,NA,NA,NA,NA,NA,NA,NA,NA,NA,NA,NA,NA,NA,NA,2,2,4,4,2,4,3,3,3,3,3,3,2,2,NA,NA,22,82,NA,NA,NA,104,NA,"16.03.2017 08:54",1,0,2,2,0,0,0.86,2,1.0141940026605618
156,NA,"xo0quh0y","base","interview","16.03.2017 08:56",91,1,"",25,1,3,NA,"4",1,2.556,3.889,3,1,1,5,2,2,2,1,7,7,1,1,1,1,4,1,5,1,5,1,5,4,2,5,4,4,2,4,2,4,2,1,3,2,18,63,18,82,61,242,NA,"16.03.2017 09:00",1,0,5,5,0,0,0.89,3,0.9212878563332277
157,NA,"ryakw6vd","base","interview","16.03.2017 09:00",104,1,"",24,1,3,NA,"4",1,1.611,2,1,1,1,1,5,1,1,1,1,6,1,1,1,3,1,1,1,1,1,4,2,4,2,2,2,2,5,1,1,5,1,1,7,2,21,43,12,69,43,188,NA,"16.03.2017 09:03",1,0,5,5,0,0,1.11,8,0.9563316406763646
158,NA,"kgjzma6x","base","interview","16.03.2017 09:14",104,2,"",49,2,3,NA,"14",1,1,2.667,1,1,1,1,1,1,1,1,1,1,1,1,1,1,1,1,1,1,3,1,5,4,2,3,3,3,5,1,5,1,3,1,7,1,22,34,13,21,26,116,NA,"16.03.2017 09:16",1,0,5,5,0,0,1.6,30,0.993547708169964
159,NA,"s888ye9q","base","interview","16.03.2017 09:17",102,2,"",21,1,3,NA,"1",1,2.333,3.111,1,1,1,3,1,1,5,1,7,NA,NA,NA,NA,NA,NA,NA,NA,NA,3,1,5,4,2,4,4,3,3,3,3,3,1,1,5,2,22,50,14,57,7,150,NA,"16.03.2017 09:20",1,0,5,5,25,25,1.44,59,1.0126512276513067
160,NA,"zmdf97ld","base","interview","16.03.2017 09:20",94,2,"",42,2,1,NA,"",1,1.5,2.875,1,1,1,1,3,2,4,1,1,3,1,1,1,1,2,1,1,1,3,1,5,4,2,NA,4,2,3,3,3,3,1,1,7,1,24,29,13,38,44,148,NA,"16.03.2017 09:22",1,0,5,5,3,3,1.28,14,0.9497839324470351
161,NA,"xhxg1lny","base","interview","16.03.2017 09:26",90,1,"",31,1,3,NA,"1",1,2.167,3.889,1,1,1,2,2,2,3,1,3,7,1,1,7,1,1,1,3,1,4,2,4,2,4,4,4,4,2,4,2,4,3,1,4,3,41,43,15,44,37,180,NA,"16.03.2017 09:29",1,0,5,5,0,0,1.05,7,0.8569342891774842
162,NA,"gw9nn5ol","base","interview","16.03.2017 09:27",96,2,"",54,2,3,NA,"33",1,1.222,3.889,1,1,1,1,1,1,1,1,1,4,1,1,1,1,1,1,1,2,5,1,5,5,1,5,5,3,1,5,1,5,1,1,4,3,20,33,10,23,32,118,NA,"16.03.2017 09:29",1,0,5,5,0,0,1.6,30,0.8239445971652125
164,NA,"6jevl77t","base","interview","16.03.2017 09:43",104,2,"",28,1,1,NA,"",1,1.5,4.667,1,1,1,1,1,1,5,1,1,5,1,1,1,1,1,2,1,1,5,1,5,1,5,4,5,5,1,5,1,5,3,1,3,2,17,30,15,41,34,137,NA,"16.03.2017 09:45",1,0,5,5,0,0,1.36,18,0.8533312753483429
166,NA,"mbtzxg5n","base","interview","16.03.2017 10:19",105,2,"",23,1,2,18,"",1,2.944,3.111,1,1,1,2,1,5,6,2,1,7,3,6,2,2,6,1,4,2,3,2,4,4,2,4,4,3,4,2,2,4,2,1,6,2,21,41,21,55,46,184,NA,"16.03.2017 10:23",1,0,5,5,0,0,1.02,4,0.8925984885977563
167,NA,"meug3h9o","base","interview","16.03.2017 10:35",101,2,"",42,2,3,NA,"15",1,2.389,4,2,2,1,1,1,4,6,2,3,6,2,1,1,1,1,1,4,4,4,1,5,2,4,NA,5,5,2,4,4,2,3,1,5,3,31,63,25,87,75,281,NA,"16.03.2017 10:40",1,0,5,5,3,3,0.69,0,0.9000073714541925
168,NA,"5poq4toy","base","interview","16.03.2017 10:43",103,2,"",30,1,3,NA,"5",1,1.722,3.333,1,1,1,1,2,1,1,1,2,6,1,1,1,2,2,1,4,2,3,1,5,3,3,4,3,4,4,2,2,4,2,1,5,2,28,74,20,40,64,226,NA,"16.03.2017 10:47",1,0,5,5,0,0,0.87,2,0.9251214935520565
169,NA,"bljusswe","base","interview","16.03.2017 11:33",92,1,"",23,1,3,NA,"3",1,1.722,3.111,1,1,1,1,1,1,1,1,1,5,1,1,1,1,7,1,4,1,4,1,5,3,3,2,4,4,4,2,4,2,2,1,7,1,22,47,13,44,40,166,NA,"16.03.2017 11:36",1,0,5,5,0,0,1.15,7,0.852921368984263
170,NA,"jfn705av","base","interview","16.03.2017 11:41",101,1,"",32,1,3,NA,"8,5",1,NA,1.667,NA,NA,NA,NA,NA,NA,NA,NA,NA,NA,NA,NA,NA,NA,NA,NA,NA,NA,3,3,3,3,3,1,1,1,5,1,5,1,1,2,NA,NA,31,35,NA,NA,NA,66,NA,"16.03.2017 11:42",1,0,2,2,0,0,1.13,12,0.8597800009744387
171,NA,"y0cx2eex","base","interview","16.03.2017 11:46",101,1,"",26,1,2,20,"",1,4.278,3.333,3,6,1,2,7,5,7,7,1,7,4,5,3,4,4,1,5,5,4,2,4,3,3,4,4,4,3,3,3,3,1,1,6,4,247,33,14,38,2125,155,NA,"16.03.2017 12:27",1,0,5,5,0,0,0.83,11,0.8667587707756131
172,NA,"nprc5pse","base","interview","16.03.2017 12:10",100,2,"",24,1,1,NA,"",1,3.111,3.778,1,1,1,3,2,4,4,4,3,6,5,4,4,3,3,2,3,3,4,1,5,2,4,3,4,5,2,4,3,3,2,1,2,3,29,72,28,68,58,255,NA,"16.03.2017 12:14",1,0,5,5,0,0,0.73,0,0.8655929205521972
173,NA,"8uhkvgmh","base","interview","16.03.2017 12:58",99,1,"",21,1,2,14,"",1,NA,3.222,NA,NA,NA,NA,NA,NA,NA,NA,NA,NA,NA,NA,NA,NA,NA,NA,NA,NA,2,2,4,4,2,4,3,3,2,4,2,4,3,2,NA,NA,26,40,NA,NA,NA,66,NA,"16.03.2017 13:00",1,0,2,2,0,0,1.11,8,0.8562095348571171
174,NA,"nvf7epz0","base","interview","16.03.2017 13:09",117,2,"",27,1,3,NA,"10",2,2.167,3.333,1,1,1,1,1,1,2,1,1,7,1,1,7,2,7,1,1,2,4,1,5,2,4,4,4,4,5,1,3,3,1,1,3,1,28,44,21,52,56,201,NA,"16.03.2017 13:13",1,0,5,5,0,0,0.92,2,0.9955162669623546
175,NA,"727yzx1z","base","interview","16.03.2017 13:20",89,1,"",22,1,3,NA,"3",1,2,4,1,1,1,2,2,1,2,1,4,7,1,7,1,1,1,1,1,1,4,1,5,4,2,5,4,5,1,5,1,5,1,1,7,3,27,73,13,48,71,232,NA,"16.03.2017 13:24",1,0,5,5,0,0,0.91,3,0.8873962686017481
176,NA,"t9aa6odc","base","interview","16.03.2017 13:20",111,1,"",27,1,2,4,"",1,1.333,3.778,1,1,1,1,1,1,1,1,1,1,1,7,1,1,1,1,1,1,5,1,5,3,3,3,3,4,1,5,1,5,1,1,7,1,35,77,27,48,90,277,NA,"16.03.2017 13:25",1,0,5,5,0,0,0.7,0,0.9801094908488404
177,NA,"hv867q65","base","interview","16.03.2017 13:47",96,2,"",23,1,2,5,"",1,2.611,4,1,3,1,4,1,1,4,6,6,7,1,1,1,1,1,1,5,2,4,1,5,3,3,5,5,5,3,3,2,4,2,1,3,3,27,59,17,3345,36,187,NA,"16.03.2017 14:45",1,0,5,5,0,0,0.81,3,0.9404650785936933
179,NA,"1g2d05ds","base","interview","16.03.2017 14:20",95,2,"",24,1,1,NA,"",1,4.833,2.444,3,3,3,5,5,3,5,4,4,7,6,5,6,6,6,4,7,5,2,1,5,4,2,2,3,3,4,2,4,2,1,1,2,2,15,36,11,40,30,132,NA,"16.03.2017 14:22",1,0,5,5,0,0,1.46,23,0.8942462417068008
180,NA,"bfc1rx55","base","interview","16.03.2017 14:33",101,2,"",25,1,2,7,"",1,2,3.111,1,1,1,1,1,1,1,1,5,7,1,7,1,1,1,1,1,3,4,1,5,2,4,4,4,2,4,2,4,2,1,1,3,2,30,66,19,33,39,187,NA,"16.03.2017 14:36",1,0,5,5,0,0,1.02,6,0.9015976064313194
181,NA,"guho8hwq","base","interview","16.03.2017 14:52",97,2,"",24,1,3,NA,"2",1,2.611,2.556,4,1,1,1,4,1,3,1,4,7,1,1,4,1,6,1,1,5,2,4,2,2,4,3,2,2,3,3,3,3,2,1,7,3,17,48,27,50,48,190,NA,"16.03.2017 14:55",1,0,5,5,0,0,1.01,5,0.8749144744000975
182,NA,"bvst74q8","base","interview","16.03.2017 15:06",103,2,"",26,1,3,NA,"2,5",1,3.056,3.778,2,2,2,5,1,1,3,5,4,5,2,2,7,2,1,1,6,4,3,1,5,4,2,4,5,4,1,5,1,5,1,1,3,3,29,87,35,79,65,295,NA,"16.03.2017 15:10",1,0,5,5,0,0,0.65,0,0.8985910150714614
183,NA,"qdq3hkn8","base","interview","16.03.2017 15:07",99,2,"",33,1,2,20,"",2,1.722,3.222,2,1,1,1,1,1,1,1,2,5,2,3,1,2,2,1,2,2,4,1,5,2,4,3,2,3,4,2,2,4,2,1,3,2,22,49,28,49,65,213,NA,"16.03.2017 15:10",1,0,5,5,0,0,0.89,2,0.8889301632784067
184,NA,"0t7km92a","base","interview","16.03.2017 15:18",86,2,"",24,1,3,NA,"5",1,1.5,3.667,1,1,1,1,1,1,1,1,1,3,2,2,3,1,2,1,2,2,4,1,5,1,5,3,3,4,3,3,3,3,3,1,6,1,29,42,20,47,54,192,NA,"16.03.2017 15:21",1,0,5,5,0,0,0.96,3,0.7754017475255569
186,NA,"gq022vk2","base","interview","16.03.2017 16:13",111,1,"",26,1,1,NA,"",3,2.353,3.667,1,1,2,4,1,1,5,4,5,7,1,1,NA,1,2,1,2,1,4,1,5,1,5,4,4,2,3,3,2,4,2,1,5,2,16,36,19,41,24,136,NA,"16.03.2017 16:15",1,0,5,5,3,3,1.39,20,0.850477092961779
187,NA,"0vjv26vd","base","interview","16.03.2017 16:24",109,2,"",30,1,1,NA,"",1,3.056,3.222,2,2,1,4,3,3,4,3,2,6,2,3,5,5,2,2,2,4,3,1,5,3,3,4,4,2,4,2,2,4,2,1,3,3,22,160,17,53,71,215,NA,"16.03.2017 16:30",1,0,5,5,0,0,0.79,1,0.92043326342178855
190,NA,"3bztqts6","base","interview","16.03.2017 17:09",99,2,"",25,1,2,18,"",1,2.389,3,1,1,1,1,5,1,1,1,7,7,1,1,7,1,1,1,1,4,3,1,5,3,3,4,3,1,4,2,1,5,1,1,3,3,36,48,11,41,39,175,NA,"16.03.2017 17:12",1,0,5,5,0,0,1.13,10,0.9106100205242313
191,NA,"2hea3unm","base","interview","16.03.2017 17:20",101,1,"",30,1,3,NA,"8",1,2.833,3.5,4,3,1,2,1,2,5,3,4,7,4,4,1,1,1,1,5,2,NA,1,5,1,5,4,4,3,3,3,3,3,1,1,4,4,21,40,18,85,40,204,NA,"16.03.2017 17:23",1,0,5,5,3,3,1.02,6,0.9181464786692262
192,NA,"1pd417kw","base","interview","16.03.2017 17:27",107,2,"",23,1,1,NA,"",1,1.722,3.556,1,1,1,2,2,2,3,1,1,6,1,1,2,1,2,1,2,1,3,1,5,3,3,4,4,2,2,4,2,4,3,1,4,2,21,41,14,46,37,159,NA,"16.03.2017 17:29",1,0,5,5,0,0,1.18,9,0.9789204743325909
194,NA,"wdtug0ak","base","interview","16.03.2017 18:29",101,2,"",29,1,1,NA,"",1,2.667,3.889,1,1,1,3,4,4,7,2,7,7,1,1,1,1,1,3,2,1,5,1,5,2,4,5,5,3,4,2,2,4,2,1,3,1,29,86,23,61,53,252,NA,"16.03.2017 18:33",1,0,5,5,0,0,0.77,0,0.9874589945397478
195,NA,"t5aqw74z","base","interview","16.03.2017 18:50",108,2,"",27,1,2,1,"",1,3.556,3.667,1,1,1,4,3,2,5,2,6,7,5,3,7,1,3,2,7,4,4,1,5,2,4,2,4,4,3,3,3,3,4,1,3,3,25,81,25,95,83,309,NA,"16.03.2017 18:55",1,0,5,5,0,0,0.67,0,1.0652318712531779
196,NA,"5hc33deb","base","interview","16.03.2017 19:32",94,1,"",29,1,3,NA,"3",1,1.556,4,1,1,1,1,1,1,3,1,1,7,1,1,1,1,1,1,1,3,5,1,5,4,2,5,5,4,2,4,2,4,2,1,4,2,23,69,15,45,54,206,NA,"16.03.2017 19:36",1,0,5,5,0,0,0.97,2,0.9996479245678942
197,NA,"jnvnl6mo","base","interview","16.03.2017 19:43",97,1,"",25,1,3,NA,"6",1,NA,1.778,NA,NA,NA,NA,NA,NA,NA,NA,NA,NA,NA,NA,NA,NA,NA,NA,NA,NA,2,4,2,5,1,3,1,2,5,1,3,3,1,2,NA,NA,30,99,NA,NA,NA,129,NA,"16.03.2017 19:45",1,0,2,2,0,0,0.66,0,0.969026802773971
198,NA,"97o33nlt","base","interview","16.03.2017 19:54",94,1,"",26,1,3,NA,"5",3,1.778,3.444,1,1,1,1,3,1,1,1,7,7,1,1,1,1,1,1,1,1,4,2,4,2,4,4,4,3,3,3,3,3,2,1,7,3,20,43,24,56,44,187,NA,"16.03.2017 19:57",1,0,5,5,0,0,1,5,0.91200877250042
199,NA,"a0f9d1u5","base","interview","16.03.2017 20:10",92,2,"",28,1,3,NA,"5",1,2.444,3.333,1,1,1,1,1,1,7,1,1,6,1,7,1,1,7,1,1,4,4,1,5,4,2,4,4,3,3,3,3,3,2,1,3,2,41,68,31,42,49,231,NA,"16.03.2017 20:14",1,0,5,5,0,0,0.8,1,0.8434185035384323
200,NA,"2w4wldn4","base","interview","16.03.2017 21:36",88,2,"",21,1,1,NA,"",2,3.389,3.556,2,1,1,1,3,5,6,2,7,7,4,5,2,1,3,1,5,5,3,1,5,2,4,2,4,2,1,5,1,5,2,1,2,2,18,50,23,53,59,203,NA,"16.03.2017 21:39",1,0,5,5,0,0,0.96,4,0.7541299762524583
201,NA,"19h9ck8l","base","interview","16.03.2017 21:40",95,2,"",32,1,2,5,"",1,3.611,3.667,4,2,1,2,1,3,6,5,6,6,4,3,5,4,5,1,2,5,5,1,5,2,4,4,4,3,3,3,3,3,2,1,3,4,18,39,13,43,37,150,NA,"16.03.2017 21:42",1,0,5,5,0,0,1.27,13,0.7215692996825036
202,NA,"zuvalxet","base","interview","16.03.2017 22:01",106,2,"",27,1,1,NA,"",1,2.056,4.111,3,1,1,2,1,1,3,2,2,6,1,1,1,4,1,1,2,4,5,1,5,3,3,4,5,4,2,4,1,5,2,1,3,3,12,46,13,54,44,169,NA,"16.03.2017 22:04",1,0,5,5,0,0,1.27,15,0.7570687641084415
203,NA,"pz16kwzu","base","interview","16.03.2017 22:02",99,2,"",27,1,2,12,"",2,1.556,3.778,1,1,1,1,1,1,1,1,5,5,2,1,2,1,1,1,1,1,3,1,5,2,4,4,4,2,2,4,1,5,3,1,3,3,53,67,19,51,39,200,NA,"16.03.2017 22:06",1,0,5,5,0,0,0.85,2,0.7496277202866949
204,NA,"sk11a4ql","base","interview","16.03.2017 22:16",103,1,"",25,1,3,NA,"5",1,1.056,3.444,1,1,1,1,1,1,1,1,2,1,1,1,1,1,1,1,1,1,4,1,5,3,3,4,4,2,3,3,3,3,3,1,7,1,26,36,12,30,32,136,NA,"16.03.2017 22:19",1,0,5,5,0,0,1.36,19,0.7678664254683937
205,NA,"do7cr9sa","base","interview","16.03.2017 22:17",108,2,"",25,1,3,NA,"5",1,2.611,3.111,2,1,1,2,2,2,6,1,2,6,2,2,2,1,2,1,6,6,3,2,4,2,4,4,4,1,4,2,1,5,1,1,3,2,29,171,15,52,63,211,NA,"16.03.2017 22:23",1,0,5,5,0,0,0.78,1,0.8206860461404841
206,NA,"tvszbxt4","base","interview","16.03.2017 22:21",101,2,"",31,1,1,NA,"",1,3.444,3.778,1,1,1,3,3,5,5,5,7,7,5,1,5,5,3,1,1,3,2,1,5,2,4,5,5,5,3,3,3,3,2,1,1,3,21,55,19,43,54,192,NA,"16.03.2017 22:24",1,0,5,5,0,0,0.99,3,0.8269945743591984
207,NA,"lf9bst8s","base","interview","16.03.2017 22:24",104,1,"",21,1,3,NA,"3,5",1,1.667,3,1,1,1,1,1,1,1,1,1,1,1,7,1,1,7,1,1,1,3,1,5,4,2,4,3,2,3,3,3,3,2,1,7,3,94,111,39,139,92,314,NA,"16.03.2017 22:32",1,0,5,5,0,0,0.4,0,0.8558630557069429
208,NA,"d699cr06","base","interview","16.03.2017 22:35",86,1,"",24,1,3,NA,"5",1,1.667,2.667,1,1,1,3,1,1,1,1,1,2,1,1,3,2,7,1,1,1,2,2,4,4,2,3,4,3,4,2,4,2,2,1,7,1,15,31,9,20,27,102,NA,"16.03.2017 22:37",1,0,5,5,0,0,1.85,43,0.7506696064631623
209,NA,"h5guqns6","base","interview","16.03.2017 22:48",93,1,"",27,1,3,NA,"5",2,2.333,3.889,3,1,1,1,1,1,4,4,1,7,1,1,1,3,3,2,5,2,4,1,5,1,5,5,4,4,3,3,2,4,1,1,6,5,36,32,12,30,29,139,NA,"16.03.2017 22:50",1,0,5,5,0,0,1.38,22,0.7063533914624343
210,NA,"uxapqx1x","base","interview","16.03.2017 23:39",91,1,"",38,1,3,NA,"17",1,NA,2.667,NA,NA,NA,NA,NA,NA,NA,NA,NA,NA,NA,NA,NA,NA,NA,NA,NA,NA,3,2,4,3,3,3,2,2,4,2,3,3,2,2,NA,NA,41,47,NA,NA,NA,88,NA,"16.03.2017 23:41",1,0,2,2,0,0,0.85,3,0.6551821390967687
211,NA,"2zel2c3m","base","interview","16.03.2017 23:45",103,2,"",28,1,2,6,"",1,2.278,3.556,2,2,1,1,1,2,3,2,6,7,2,2,1,3,3,1,1,1,4,1,5,2,4,4,4,3,3,3,3,3,2,1,3,3,20,37,8,40,37,142,NA,"16.03.2017 23:48",1,0,5,5,0,0,1.43,22,0.6697314671191765
212,NA,"4xjuwrsb","base","interview","16.03.2017 23:54",101,1,"",27,1,3,NA,"02. Mai",3,2.5,3.333,1,1,1,5,3,2,5,1,1,7,1,1,7,1,1,1,5,1,4,1,5,3,3,4,5,2,3,3,3,3,1,1,3,2,45,118,30,75,49,251,NA,"17.03.2017 00:00",1,0,5,5,0,0,0.62,0,0.6741106991153677
213,NA,"9d71nlun","base","interview","17.03.2017 01:36",107,2,"",25,1,1,NA,"",1,2.778,3.111,1,1,1,1,4,3,4,3,5,7,3,2,1,1,1,1,6,5,2,2,4,5,1,4,4,4,2,4,2,4,1,1,3,2,18,88,29,77,64,276,NA,"17.03.2017 01:40",1,0,5,5,0,0,0.77,3,0.7114232884564344
214,NA,"dzh4t3s3","base","interview","17.03.2017 07:19",96,2,"",29,1,3,NA,"2",1,2.647,3.5,2,1,1,2,5,2,6,1,4,7,3,3,NA,2,2,1,1,2,2,1,5,3,3,NA,4,4,1,5,3,3,2,1,4,2,23,77,22,90,59,271,NA,"17.03.2017 07:24",1,0,5,5,6,5,0.76,0,0.6874879313719822
215,NA,"gnsy1rx7","base","interview","17.03.2017 09:20",94,2,"",35,1,1,NA,"",1,2.778,3.111,7,1,1,4,1,1,1,4,1,7,5,5,1,1,4,1,4,1,2,1,5,3,3,3,3,3,3,3,3,3,3,1,2,1,32,58,13,56,57,216,NA,"17.03.2017 09:24",1,0,5,5,0,0,0.92,3,0.6540787418910703
216,NA,"w2b8ycpb","base","interview","17.03.2017 11:08",96,2,"",23,1,1,NA,"",1,1.944,3.778,1,2,1,2,1,1,2,2,1,7,2,2,2,1,2,1,3,2,4,1,5,1,5,4,3,4,4,2,1,5,2,1,2,2,34,94,69,157,70,263,NA,"17.03.2017 11:15",1,0,5,5,0,0,0.49,0,0.6329981264764016
217,NA,"djeyn3wm","base","interview","17.03.2017 12:39",94,1,"",25,1,1,NA,"",3,1.611,3.556,1,1,1,1,1,1,1,1,1,7,1,1,1,1,1,1,4,3,3,1,5,3,3,5,4,5,3,3,3,3,1,1,4,2,29,48,14,30,44,165,NA,"17.03.2017 12:42",1,0,5,5,0,0,1.15,9,0.6035697499456805
218,NA,"0x6fv7p9","base","interview","17.03.2017 12:50",108,1,"",27,1,3,NA,"5",1,3.611,3.333,5,1,3,6,6,6,7,1,1,7,2,2,3,3,3,1,5,3,3,2,4,3,3,4,4,4,3,3,3,3,2,1,7,2,25,32,11,41,35,144,NA,"17.03.2017 12:52",1,0,5,5,0,0,1.32,17,0.6397048359645674
219,NA,"kvm0nnvf","base","interview","17.03.2017 14:36",94,1,"",24,1,3,NA,"1,5",1,1.389,2.444,1,1,1,1,2,1,1,1,2,5,1,1,1,1,1,1,1,2,3,2,4,4,2,3,2,1,4,2,2,4,1,1,6,2,36,44,17,39,36,172,NA,"17.03.2017 14:38",1,0,5,5,0,0,1.07,7,0.6098455851891114
220,NA,"4hbxc0ho","base","interview","17.03.2017 14:44",107,1,"",24,1,3,NA,"1",3,1.833,3.556,1,1,1,1,1,1,3,1,2,7,1,1,1,3,3,1,1,3,3,1,5,4,2,4,4,4,2,4,2,4,2,1,3,2,19,78,67,54,57,225,NA,"17.03.2017 14:49",1,0,5,5,0,0,0.78,3,0.6417313864086079
221,NA,"zqjpy9xw","base","interview","17.03.2017 14:55",103,2,"",32,1,3,NA,"6",1,3.333,4.556,2,1,1,1,1,1,5,2,2,6,6,5,6,3,5,2,6,5,4,1,5,2,4,4,5,5,1,5,1,5,4,1,1,1,22,35,14,29,28,128,NA,"17.03.2017 14:57",1,0,5,5,0,0,1.42,21,0.6558507328009527
222,NA,"hp8d91cd","base","interview","17.03.2017 15:26",103,1,"",25,1,3,NA,"2,6",1,2.111,3.444,1,1,1,1,4,6,4,1,4,7,1,1,1,1,1,1,1,1,4,1,5,4,2,5,4,3,3,3,3,3,2,1,4,2,27,62,23,48,39,199,NA,"17.03.2017 15:30",1,0,5,5,0,0,0.93,2,0.670497624300672
223,NA,"w6srm66o","base","interview","17.03.2017 15:39",95,2,"",22,1,3,NA,"2",1,2.389,3.333,1,5,1,4,2,2,5,5,1,5,1,2,2,1,2,1,1,2,3,1,5,3,3,4,5,4,4,2,4,2,2,1,4,3,20,57,19,54,60,210,NA,"17.03.2017 15:43",1,0,5,5,0,0,0.93,2,0.6434737252050408
225,NA,"zzx7sk0d","base","interview","17.03.2017 16:29",104,2,"",35,1,3,NA,"6",1,2.167,3.889,3,1,1,2,2,2,2,1,2,7,1,1,2,2,2,1,5,2,4,1,5,2,4,4,4,4,2,4,2,4,2,1,4,2,20,37,10,31,30,128,NA,"17.03.2017 16:31",1,0,5,5,0,0,1.48,24,0.6628003488241518
227,NA,"bolmquoz","base","interview","17.03.2017 18:34",97,1,"",27,1,2,3,"",3,1.611,3.444,2,1,1,1,1,1,3,1,1,7,1,1,1,1,1,1,1,3,3,1,5,4,2,5,4,5,3,3,3,3,1,1,6,4,23,74,17,47,38,199,NA,"17.03.2017 18:37",1,0,5,5,0,0,1,3,0.6463916212616975
228,NA,"lcn3r4l7","base","interview","17.03.2017 19:56",98,2,"",22,1,1,NA,"",1,1.556,3.333,1,1,1,2,1,1,2,1,3,7,1,1,1,1,1,1,1,1,4,1,5,4,2,4,4,2,3,3,2,4,2,1,3,2,23,57,25,66,59,230,NA,"17.03.2017 20:00",1,0,5,5,0,0,0.83,0,0.6355220347017337
229,NA,"a2zh07de","base","interview","17.03.2017 20:18",95,2,"",19,1,1,NA,"",1,1.833,2.889,1,1,1,1,1,1,5,2,5,7,1,1,1,1,1,1,1,1,3,2,4,4,2,4,4,3,4,2,3,3,1,1,4,3,75,38,12,42,40,156,NA,"17.03.2017 20:21",1,0,5,5,0,0,1.08,11,0.6105494387034435
230,NA,"rtg2mdl1","base","interview","17.03.2017 20:22",103,1,"",22,1,3,NA,"1,5",1,1.444,3.556,1,1,1,1,1,1,1,1,4,5,1,2,1,1,1,1,1,1,3,1,5,1,5,4,4,4,3,3,3,3,1,1,6,2,20,44,17,30,31,142,NA,"17.03.2017 20:25",1,0,5,5,0,0,1.29,15,0.62368631302566
231,NA,"l1oxgon4","base","interview","17.03.2017 21:26",100,1,"",23,2,3,NA,"2",1,5.222,3,6,7,5,5,5,4,2,6,4,7,7,7,7,6,5,3,4,4,3,3,3,3,3,3,3,3,3,3,3,3,3,1,5,5,22,19,14,12,22,89,NA,"17.03.2017 21:27",1,0,5,5,0,0,2.03,61,0.6228404434739048
232,NA,"zf9qhh6o","base","interview","17.03.2017 22:07",93,1,"",25,1,3,NA,"2",1,1.944,2.889,1,1,1,1,1,1,1,1,5,2,1,7,1,1,7,1,1,1,4,1,5,3,3,3,3,2,4,2,3,3,1,1,7,1,21,36,8,21,12,98,NA,"17.03.2017 22:09",1,0,5,5,0,0,2,58,0.5894559300747513
234,NA,"qjalkydq","base","interview","18.03.2017 00:19",101,2,"",26,1,3,NA,"4",1,1.667,2,1,1,1,1,1,1,1,1,1,7,7,1,1,1,1,1,1,1,1,4,2,5,1,2,3,2,5,1,1,5,1,1,7,2,28,52,13,40,52,185,NA,"18.03.2017 00:22",1,0,5,5,0,0,1.05,5,0.5930272926455509
235,NA,"gyeexhfa","base","interview","18.03.2017 01:48",99,2,"",25,1,1,NA,"",1,2.611,2.778,1,2,1,5,5,1,2,2,7,7,1,2,1,2,2,1,2,3,3,2,4,5,1,4,4,2,4,2,4,2,3,1,6,5,30,174,42,144,91,238,NA,"18.03.2017 01:56",1,0,5,5,0,0,0.47,0,0.5878018256205708
236,NA,"4tays76y","base","interview","18.03.2017 02:23",95,1,"",18,1,2,7,"",1,1.944,2.778,1,1,1,2,1,1,4,4,4,7,1,1,1,1,1,1,1,2,3,1,5,3,3,2,3,2,4,2,2,4,1,1,5,2,58,45,18,30,28,145,NA,"18.03.2017 02:26",1,0,5,5,0,0,1.15,14,0.5655598104941196
237,NA,"66ds10pl","base","interview","18.03.2017 10:07",99,1,"",21,1,1,NA,"",5,1,3,1,1,1,1,1,1,1,1,1,1,1,1,1,1,1,1,1,1,3,2,4,3,3,4,2,2,3,3,3,3,3,1,7,1,26,43,14,22,43,148,NA,"18.03.2017 10:09",1,0,5,5,0,0,1.32,17,0.5606672575243111
238,NA,"l3tqyph0","base","interview","18.03.2017 10:16",98,2,"",28,1,1,NA,"",1,4.667,3.667,5,5,1,2,6,6,6,2,6,7,6,5,5,5,6,1,5,5,4,2,4,2,4,4,4,4,3,3,4,2,4,1,2,2,35,59,23,67,49,233,NA,"18.03.2017 10:20",1,0,5,5,0,0,0.79,0,0.551813742158987
239,NA,"zfl0vwnk","base","interview","18.03.2017 10:50",114,1,"",31,1,3,NA,"13",1,NA,2.778,NA,NA,NA,NA,NA,NA,NA,NA,NA,NA,NA,NA,NA,NA,NA,NA,NA,NA,3,2,4,4,2,4,2,2,4,2,2,4,2,2,NA,NA,19,27,NA,NA,NA,46,NA,"18.03.2017 10:50",1,0,2,2,0,0,1.59,30,0.609060177450817
240,NA,"2wspb4c8","base","interview","18.03.2017 14:06",106,2,"",25,1,2,7,"",1,1.667,3.889,1,1,1,1,1,1,1,1,1,7,1,1,1,1,7,1,1,1,5,1,5,2,4,3,4,4,2,4,2,4,2,1,6,3,41,27,14,988,23,153,NA,"18.03.2017 14:25",1,0,5,5,0,0,1.15,21,0.6363431661851702
241,NA,"kgjcto0j","base","interview","18.03.2017 16:30",99,1,"",26,1,1,NA,"",1,1.333,3.556,1,1,1,1,1,1,1,1,1,7,1,1,1,1,1,1,1,1,4,1,5,4,2,5,4,4,3,3,3,3,2,1,4,3,88,6427,22,31,34,163,NA,"18.03.2017 18:20",1,0,5,5,0,0,0.79,9,0.6306174103985738
242,NA,"9qorsbzn","base","interview","18.03.2017 17:46",114,2,"",24,1,1,NA,"",2,2.167,3,2,1,1,3,6,2,3,1,1,6,2,2,1,2,1,1,2,2,3,1,5,2,4,2,4,2,4,2,3,3,2,1,3,3,28,87,28,68,66,277,NA,"18.03.2017 17:51",1,0,5,5,0,0,0.69,0,0.7001875187620124
243,NA,"5ztxngml","base","interview","18.03.2017 17:48",104,2,"",26,1,1,NA,"",1,1.333,3,1,1,1,1,1,1,1,1,1,6,1,1,2,1,1,1,1,1,4,1,5,4,2,4,4,2,4,2,NA,NA,1,1,4,2,17,41,15,29,35,137,NA,"18.03.2017 17:51",1,0,5,5,3,3,1.36,18,0.7222349127823866
244,NA,"vnnkl8z1","base","interview","18.03.2017 20:10",98,1,"",27,1,3,NA,"4",1,1.056,3,1,1,1,1,1,1,2,1,1,1,1,1,1,1,1,1,1,1,2,1,5,3,3,4,2,1,2,4,1,5,1,1,7,1,49,119,43,70,87,250,NA,"18.03.2017 20:16",1,0,5,5,0,0,0.51,0,0.7095649857349369
245,NA,"ttd5o6sg","base","interview","18.03.2017 20:41",95,2,"",25,1,3,NA,"6",1,4.167,3,2,2,5,6,5,2,6,2,2,5,2,6,5,6,7,3,6,3,4,1,5,4,2,3,4,3,5,1,2,4,1,1,3,3,19,42,17,39,53,170,NA,"18.03.2017 20:44",1,0,5,5,0,0,1.12,7,0.6802149658997074
246,NA,"opctn087","base","interview","18.03.2017 21:13",108,2,"",24,1,3,NA,"2",1,1.889,3.222,1,1,1,2,1,1,2,1,2,6,1,2,1,1,2,1,4,4,4,2,4,4,2,2,3,3,1,5,1,5,1,1,5,2,25,30,12,27,31,125,NA,"18.03.2017 21:15",1,0,5,5,0,0,1.47,24,0.7236926941402047
247,NA,"o2ctejms","base","interview","18.03.2017 23:25",98,2,"",23,1,3,NA,"2",1,3.111,2.778,3,1,1,5,6,5,7,2,2,7,2,2,2,3,1,3,2,2,3,2,4,2,4,3,2,1,4,2,2,4,2,1,5,3,122,294,35,151,355,205,NA,"18.03.2017 23:41",1,0,5,5,0,0,0.26,0,0.710997360807148
248,NA,"cgfc9ksm","base","interview","18.03.2017 23:34",92,1,"",21,1,1,NA,"",3,2.333,3.222,1,2,1,1,1,6,7,1,4,5,1,1,1,4,1,1,1,3,3,2,4,4,2,4,4,4,3,3,2,4,1,1,7,2,15,44,14,39,41,153,NA,"18.03.2017 23:36",1,0,5,5,0,0,1.27,13,0.664903063924841
249,NA,"ymopplt2","base","interview","19.03.2017 08:45",110,2,"",29,1,1,NA,"",1,1.778,3.556,1,1,1,1,3,1,1,1,1,7,1,1,7,1,1,1,1,1,3,1,5,3,3,4,4,4,2,4,2,4,1,1,3,2,19,60,15,50,48,192,NA,"19.03.2017 08:48",1,0,5,5,0,0,1.04,4,0.7177051276498033
250,NA,"yl6g8u4t","base","interview","19.03.2017 09:40",93,2,"",34,1,3,NA,"2",3,2.167,4,1,2,1,3,1,3,1,2,6,6,1,1,5,1,1,1,1,2,5,1,5,4,2,3,4,4,1,5,1,5,3,1,3,1,29,41,12,45,40,167,NA,"19.03.2017 09:42",1,0,5,5,0,0,1.15,9,0.6767327491144893
251,NA,"zz22b1nf","base","interview","19.03.2017 11:52",101,1,"",24,1,3,NA,"8,5",1,1,3.111,1,1,1,1,1,1,1,1,1,1,1,1,1,1,1,1,1,1,2,1,5,4,2,5,5,4,4,2,4,2,1,1,7,1,52,93,24,45,47,233,NA,"19.03.2017 11:57",1,0,5,5,0,0,0.75,1,0.6812905856796636
254,NA,"y6ba3yz2","base","interview","19.03.2017 14:08",101,1,"",30,1,3,NA,"3",1,NA,3.111,NA,NA,NA,NA,NA,NA,NA,NA,NA,NA,NA,NA,NA,NA,NA,NA,NA,NA,2,2,4,3,3,4,4,4,3,3,3,3,1,2,NA,NA,18,31,NA,NA,NA,49,NA,"19.03.2017 14:08",1,0,2,2,0,0,1.51,25,0.6859116404076405
255,NA,"qz72s5fl","base","interview","19.03.2017 14:39",118,2,"",25,1,2,10,"",3,2.667,3.444,1,2,1,3,5,2,6,2,3,6,1,2,3,2,2,1,1,5,4,1,5,2,4,4,4,3,3,3,3,3,1,1,4,3,83,226,28,176,112,198,NA,"19.03.2017 14:49",1,0,5,5,0,0,0.36,0,0.7869778414955317
256,NA,"dpv7e591","base","interview","19.03.2017 15:08",103,2,"",36,1,2,88,"",1,2.889,4.556,2,5,1,1,3,2,5,5,5,7,1,2,1,3,1,1,2,5,5,1,5,2,4,5,5,5,2,4,2,4,4,1,2,2,48,33,12,62,46,201,NA,"19.03.2017 15:11",1,0,5,5,0,0,1.05,10,0.8062494589898338
257,NA,"y2czsln8","base","interview","19.03.2017 16:01",115,2,"",23,1,3,NA,"2",1,1.556,3,1,3,1,2,1,1,1,2,1,7,1,1,1,1,1,1,1,1,3,3,3,3,3,4,3,3,4,2,1,5,1,1,3,1,21,45,16,39,50,171,NA,"19.03.2017 16:04",1,0,5,5,0,0,1.1,6,0.9112574378268706
258,NA,"0leksf7m","base","interview","19.03.2017 18:08",106,2,"",23,1,1,NA,"",1,3.444,4.444,3,3,1,1,5,2,5,1,1,7,5,5,5,4,5,1,3,5,4,1,5,2,4,4,5,5,2,4,1,5,4,1,3,3,10,39,15,65,48,177,NA,"19.03.2017 18:11",1,0,5,5,0,0,1.31,19,0.9602139303197775
259,NA,"n9z367b5","base","interview","19.03.2017 18:49",94,1,"",37,1,1,NA,"",1,1.444,2.778,1,1,1,1,1,1,1,1,4,6,1,1,1,1,1,1,1,1,2,3,3,4,2,4,4,3,4,2,3,3,2,1,7,1,13,38,16,31,29,127,NA,"19.03.2017 18:51",1,0,5,5,0,0,1.48,24,0.9067760367577516
260,NA,"dcuj9u2q","base","interview","19.03.2017 21:35",109,1,"",26,1,3,NA,"7",1,1.444,2.889,1,1,1,1,1,2,1,1,3,4,1,1,1,3,1,1,1,1,3,1,5,4,2,4,3,2,4,2,2,4,1,1,7,3,22,48,46,62,48,197,NA,"19.03.2017 21:39",1,0,5,5,0,0,0.86,2,0.9802815662522519
261,NA,"e4bgjl6m","base","interview","19.03.2017 21:55",104,1,"",33,3,1,NA,"",3,NA,2.889,NA,NA,NA,NA,NA,NA,NA,NA,NA,NA,NA,NA,NA,NA,NA,NA,NA,NA,3,4,2,3,3,3,3,3,3,3,3,3,3,2,NA,NA,21,13,NA,NA,NA,34,NA,"19.03.2017 21:56",1,0,2,2,0,0,2.07,79,1.0161411364362196
262,NA,"m10edk12","base","interview","19.03.2017 22:36",119,2,"",23,1,3,NA,"1",1,2.278,3.667,1,2,1,2,3,1,1,2,1,7,1,7,2,1,2,1,2,4,5,1,5,3,3,4,4,4,3,3,2,4,1,1,3,3,23,96,33,133,162,246,NA,"19.03.2017 22:43",1,0,5,5,0,0,0.55,0,1.199121375649201
263,NA,"mntxjg4w","base","interview","19.03.2017 23:15",95,1,"",20,1,1,NA,"",1,2.222,2.889,1,1,1,1,2,5,2,1,7,7,1,1,1,1,1,1,4,2,2,2,4,4,2,4,4,2,5,1,1,5,2,1,4,1,19,77,13,61,53,223,NA,"19.03.2017 23:18",1,0,5,5,0,0,0.98,6,1.1384583997468263
264,NA,"u0u0zskx","base","interview","19.03.2017 23:37",98,2,"",21,1,3,NA,"5",1,3.222,3.556,1,2,1,4,3,5,4,1,6,6,4,6,4,2,1,2,2,4,3,1,5,5,1,4,3,4,1,5,1,5,2,1,3,1,57,67,16,65,89,261,NA,"19.03.2017 23:42",1,0,5,5,0,0,0.7,1,1.1152323895013234
265,NA,"xjkljgqz","base","interview","20.03.2017 00:56",94,1,"",24,1,3,NA,"8",1,NA,3.556,NA,NA,NA,NA,NA,NA,NA,NA,NA,NA,NA,NA,NA,NA,NA,NA,NA,NA,3,1,5,2,4,4,4,3,3,3,2,4,2,2,NA,NA,28,93,NA,NA,NA,121,NA,"20.03.2017 00:58",1,0,2,2,0,0,0.71,0,1.0498766144664802
266,NA,"0eksan4w","base","interview","20.03.2017 10:20",98,1,"",22,1,3,NA,"5",1,2.412,3.556,5,1,1,3,NA,1,5,1,1,7,1,1,7,1,1,1,2,2,4,2,4,4,2,5,4,4,4,2,2,4,3,1,4,2,16,43,16,50,45,170,NA,"20.03.2017 10:22",1,0,5,5,3,3,1.15,8,1.0291336562130955
267,NA,"tp27qzfc","base","interview","20.03.2017 12:47",98,2,"",26,1,3,NA,"6",1,2.833,3.333,1,1,1,2,1,2,3,1,1,7,5,4,4,4,3,1,5,5,3,1,5,3,3,4,4,4,4,2,2,4,1,1,4,2,20,40,21,43,51,175,NA,"20.03.2017 12:50",1,0,5,5,0,0,1.07,6,1.0089489760540196
268,NA,"d0g1bl6t","base","interview","20.03.2017 13:48",90,1,"",34,1,3,NA,"4",1,1.944,2.333,1,1,1,1,5,1,7,1,1,7,1,1,1,1,2,1,1,1,1,1,5,5,1,4,4,1,4,2,4,2,1,1,5,2,35,91,29,104,159,305,NA,"20.03.2017 13:55",1,0,5,5,0,0,0.52,0,0.9162119195907397
269,NA,"gewpwqrh","base","interview","20.03.2017 18:24",98,1,"",28,1,1,NA,"",1,1.778,4.222,1,1,1,1,1,1,3,2,1,7,2,2,2,1,3,1,1,1,3,1,5,2,4,5,4,4,1,5,1,5,3,1,3,2,22,38,15,44,39,158,NA,"20.03.2017 18:27",1,0,5,5,0,0,1.18,9,0.8991189006445979
270,NA,"3udtsuv0","base","interview","20.03.2017 19:28",90,2,"",26,1,3,NA,"2",1,1.833,3.778,2,1,1,1,2,2,6,1,1,7,1,1,1,1,1,1,1,2,4,1,5,2,4,4,3,2,1,5,1,5,2,1,6,3,29,66,25,57,59,236,NA,"20.03.2017 19:32",1,0,5,5,0,0,0.79,0,0.8209913133853165
271,NA,"4232kkyz","base","interview","20.03.2017 19:35",94,1,"",28,1,2,2,"",1,1.444,3.889,1,1,1,1,1,1,7,1,3,1,1,1,1,1,1,1,1,1,4,1,5,2,4,5,4,4,3,3,3,3,3,1,7,1,26,30,10,120,79,193,NA,"20.03.2017 19:39",1,0,5,5,0,0,1.07,14,0.7793154824691291
272,NA,"22bau6ut","base","interview","20.03.2017 21:18",107,2,"",25,1,3,NA,"4",1,2.167,3,1,1,1,6,1,5,6,1,1,7,1,1,1,1,2,1,1,1,3,2,4,2,4,4,5,2,4,2,4,2,1,1,7,1,23,68,24,50,55,220,NA,"20.03.2017 21:22",1,0,5,5,0,0,0.86,0,0.8238998217989937
273,NA,"y2vc9a9x","base","interview","20.03.2017 21:33",104,1,"",23,1,1,NA,"",1,NA,3.111,NA,NA,NA,NA,NA,NA,NA,NA,NA,NA,NA,NA,NA,NA,NA,NA,NA,NA,1,1,5,1,5,4,4,2,3,3,3,3,1,2,NA,NA,45,61,NA,NA,NA,106,NA,"20.03.2017 21:34",1,0,2,2,0,0,0.69,0,0.8510789692889731
274,NA,"a6y9v5yt","base","interview","21.03.2017 12:22",111,2,"",23,1,3,NA,"2",1,2,3,1,1,1,2,1,1,3,1,1,6,1,1,7,1,5,1,1,1,4,1,5,5,1,4,3,4,4,2,4,2,2,1,3,2,25,62,17,47,45,196,NA,"21.03.2017 12:25",1,0,5,5,0,0,0.97,1,0.9317255388677478
275,NA,"8vugg5lm","base","interview","21.03.2017 13:17",103,2,"",25,1,1,NA,"",1,3.471,4.444,6,1,1,1,3,1,7,3,7,2,5,NA,2,3,3,1,7,6,4,1,5,2,4,5,5,2,1,5,1,5,5,1,2,3,19,39,9,40,41,148,NA,"21.03.2017 13:20",1,0,5,5,3,3,1.36,18,0.9559082147948903
276,NA,"oze03h41","base","interview","21.03.2017 13:40",107,1,"",24,1,3,NA,"2",1,1.111,3.222,1,1,1,1,1,1,1,1,1,2,1,1,1,1,1,1,1,2,5,1,5,1,5,3,2,1,4,2,2,4,2,1,7,1,24,52,13,20,26,135,NA,"21.03.2017 13:42",1,0,5,5,0,0,1.5,25,1.016013837826984
277,NA,"8jpf5kk9","base","interview","21.03.2017 19:31",91,1,"",21,2,3,NA,"3",1,1.278,4,1,1,1,1,4,1,1,1,1,1,1,1,1,1,1,1,1,3,3,1,5,3,3,4,5,4,1,5,1,5,2,1,6,3,36,53,31,60,65,245,NA,"21.03.2017 19:35",1,0,5,5,0,0,0.74,0,0.9321907256667217
278,NA,"64bv7d19","base","interview","21.03.2017 21:27",100,2,"",25,1,1,NA,"",1,2.444,2.778,1,1,1,1,6,3,7,1,4,6,2,2,2,2,2,1,1,1,4,2,4,4,2,3,2,3,4,2,4,2,3,1,3,2,63,142,26,103,84,289,NA,"21.03.2017 21:34",1,0,5,5,0,0,0.48,0,0.9313493743270504
279,NA,"qukpr6a9","base","interview","21.03.2017 23:17",109,2,"",26,1,1,NA,"",3,2.333,3.111,1,1,1,2,6,4,4,2,5,5,1,2,1,1,1,1,3,1,3,2,4,4,2,4,4,3,4,2,3,3,3,1,5,2,26,56,18,62,103,209,NA,"21.03.2017 23:22",1,0,5,5,0,0,0.8,0,1.0059616506946079
280,NA,"yk4ynr30","base","interview","22.03.2017 11:48",104,1,"",30,1,1,NA,"",1,1.5,3.25,1,1,1,1,1,1,1,1,3,6,1,2,1,1,2,1,1,1,4,NA,NA,3,3,4,3,4,3,3,3,3,2,1,7,2,24,48,25,38,52,187,NA,"22.03.2017 11:51",1,0,5,5,3,3,0.98,3,1.0423261177037104
281,NA,"mlq7s7dw","base","interview","22.03.2017 15:00",100,2,"",40,2,3,NA,"12",1,1.667,3.667,1,1,1,1,1,1,1,1,1,1,1,7,1,1,7,1,1,1,3,1,5,2,4,3,4,4,3,3,2,4,3,1,5,1,25,45,17,32,18,137,NA,"22.03.2017 15:02",1,0,5,5,0,0,1.44,22,1.0414634353409915
282,NA,"4u0sgeqj","base","interview","22.03.2017 15:25",93,1,"",28,1,3,NA,"4,5",3,1.167,3.111,1,1,1,1,1,1,1,1,1,4,1,1,1,1,1,1,1,1,4,1,5,3,3,4,4,2,4,2,4,2,2,1,7,2,22,38,23,24,40,147,NA,"22.03.2017 15:27",1,0,5,5,0,0,1.27,16,0.9734613672528933
