"file","subject","vl","time","condition","age","gender","SVS1","SVS2","SVS3","autonomie1","autonomie2","autonomie3","LOT1","LOT2","LOT3","LOT4","LOT5","LOT6","LOT7","LOT8","LOT9","LOT10","SMS5_1","SMS5_2","SMS5_3","SMS5_4","SMS5_5","ITW_1","ITW_2","ITW_3","ITW_4","ITW_5","ITW_6","handaufsherz","SMS5_2r","SMS5_4r","ITW_3r","ITW_4r","ITW_6r","LOT3r","LOT7r","LOT9r","SMS5","SVS","ITW","LOT_Opt","LOT_Pess","hitsCon","hitsExp","BF.exp","BF.con"
3,"v1r1skfnv347nuhn",1,"2023-12-11T15:05:23Z","C1",23,"männlich",7,9,7,4,4,1,3,2,0,2,3,1,0,3,1,4,1,5,2,4,0,4,4,5,1,3,2,"Ja",1,2,0,4,3,4,4,3,1.2,7.666666666666667,3,3,3.666666666666667,4,5,1,1
4,"djmevfpu1f3961g9",1,"2023-12-11T15:31:46Z","C2",54,"männlich",5,6,4,4,3,2,3,3,2,3,3,3,1,1,1,0,3,4,2,4,2,1,1,1,4,4,3,"Ja",2,2,4,1,2,2,3,3,2.2,5,2.166666666666667,2,2.666666666666667,8,4,0.7681444998938082,1.0254532044014626
5,"8hbouklxdf05gtra",1,"2023-12-11T15:45:09Z","C2",48,"weiblich",9,9,9,3,3,3,4,4,4,4,1,0,0,3,0,3,5,5,0,5,0,3,0,3,4,3,2,"Ja",1,1,2,1,3,0,4,4,1.4,9,2,3.666666666666667,2.666666666666667,8,3,0.6918104389719092,1.2342480567168779
6,"tdt6zklo2rhxv8j5",1,"2023-12-11T15:54:44Z","C1",24,"männlich",4,3,5,1,1,1,3,3,2,2,1,0,4,3,1,2,4,5,5,3,4,4,3,2,3,3,2,"Ja",1,3,3,2,3,2,0,3,3.4,4,3,2.333333333333333,1.666666666666667,5,5,0.6600697004862851,1.245977853572814
7,"nooffrd36a5w2nge",1,"2023-12-11T16:15:28Z","C2",21,"weiblich",0,0,0,4,0,0,1,1,3,1,1,4,0,1,0,4,6,0,6,0,0,5,5,0,0,5,0,"Ja",6,6,5,5,5,1,4,4,4.8,0,5,2,3,3,2,0.6067059304264464,1.0149846179951663
1,"ys9vqprp67kbxgd8",NA,"2023-12-11T16:59:49Z","C1",24,"weiblich",4,6,6,4,1,1,2,3,1,2,4,2,1,2,1,3,5,3,1,3,1,3,4,2,2,5,1,"Ja",3,3,3,3,4,3,3,3,2.6,5.333333333333333,3.666666666666667,2.333333333333333,3,3,5,0.5850830831579347,0.8778526760224522
106,"lau2cx8tb17yovmy",2,"2023-12-11T17:11:25Z","C1",25,"männlich",3,3,4,1,1,1,1,2,1,3,2,1,0,3,1,4,5,3,3,1,1,4,3,2,2,2,2,"Ja",3,5,3,3,3,3,4,3,3.4,3.333333333333333,3,2.666666666666667,3.333333333333333,4,6,0.6022037116362645,0.8195239699624688
107,"dce6uj0jtncb54zb",2,"2023-12-11T17:11:30Z","C1",26,"weiblich",5,3,3,3,2,0,0,1,3,0,3,2,3,0,4,2,4,2,5,2,6,5,4,4,1,4,1,"Ja",4,4,1,4,4,1,1,0,4.6,3.666666666666667,3.666666666666667,0.666666666666667,0.666666666666667,2,4,0.5620836837133052,0.705544152219927
108,"lpqj38cevpnbpebg",2,"2023-12-11T17:11:59Z","C1",26,"männlich",6,4,6,2,2,3,4,3,1,4,3,4,1,3,2,3,4,3,4,4,2,1,2,4,3,3,3,"Ja",3,2,1,2,2,3,3,2,3,5.333333333333333,1.833333333333333,3.666666666666667,2.666666666666667,6,6,0.5827650744806865,0.7262817566362177
109,"eosdmxxk2egytt42",2,"2023-12-11T17:38:17Z","C1",24,"männlich",7,8,8,3,4,3,4,2,1,3,3,4,0,1,1,4,0,3,2,5,0,2,3,2,2,3,2,"Ja",3,1,3,3,3,3,4,3,1.2,7.666666666666667,2.833333333333333,3.666666666666667,3.333333333333333,4,4,0.545387180490549,0.6850654424349246
110,"uth6mme8cj9jelrj",2,"2023-12-11T17:57:41Z","C1",25,"männlich",4,3,2,3,3,0,4,2,1,2,3,3,0,4,0,3,5,5,2,1,0,4,5,3,4,3,2,"Ja",1,5,2,1,3,3,4,4,2.6,3,3,3,3.666666666666667,6,6,0.567903702421146,0.7080313849854897
8,"fadgvlo292eryhxv",1,"2023-12-11T18:14:41Z","C2",22,"weiblich",4,2,6,4,3,3,2,1,3,3,3,2,1,2,4,4,4,3,3,3,5,3,2,4,3,4,4,"Ja",3,3,1,2,1,1,3,0,3.6,4,2.166666666666667,3,1.333333333333333,5,5,0.5576447338338104,0.6991140335042586
111,"q3jlmrzeoronau2j",2,"2023-12-11T19:58:47Z","C1",54,"weiblich",6,6,8,4,3,3,3,2,3,3,4,2,3,2,1,3,4,3,2,4,1,2,2,3,2,2,2,"Ja",3,2,2,3,3,1,1,3,2.4,6.666666666666667,2.333333333333333,3,1.666666666666667,5,5,0.5481611889313103,0.6907645055766121
112,"r7vc46ug8osxg3m1",2,"2023-12-11T21:37:27Z","C2",27,"männlich",10,10,10,4,0,0,0,0,0,0,2,1,3,2,3,0,2,1,3,3,4,4,5,4,1,5,4,"Ja",5,3,1,4,1,4,1,1,3.4,10,3.333333333333333,0,2,5,6,0.5762747014767557,0.6829104797322215
9,"bqhjfkcpjqqmgdjx",1,"2023-12-12T01:30:56Z","C2",20,"männlich",8,7,8,1,1,1,3,3,1,1,4,2,0,3,2,2,1,5,2,4,0,2,2,3,3,3,4,"Ja",1,2,2,2,1,3,4,2,1.2,7.666666666666667,2,2,3,3,4,0.5389106632916394,0.6177157651648589
10,"1r45b1oorsznze9b",1,"2023-12-12T08:09:49Z","C2",55,"weiblich",8,7,8,4,4,4,4,3,1,3,4,3,0,3,0,4,2,5,0,5,0,1,1,4,3,2,4,"Ja",1,1,1,2,1,3,4,4,0.8,7.666666666666667,1.333333333333333,3.666666666666667,3.666666666666667,4,4,0.5057854458432084,0.5849844750349308
11,"nsz6ucb30fp8hrj3",1,"2023-12-12T08:55:11Z","C2",43,"weiblich",7,7,7,4,4,0,3,1,1,3,4,4,1,2,1,4,2,3,1,3,0,2,2,3,2,3,3,"Ja",3,3,2,3,2,3,3,3,1.8,7,2.333333333333333,3.333333333333333,3,7,4,0.4762228523373182,0.6376198900257105
12,"uscvmaq4krunlb5s",1,"2023-12-12T09:53:02Z","C1",58,"weiblich",8,8,10,4,3,2,4,3,2,4,4,2,0,4,0,4,2,5,0,5,0,3,2,4,5,0,4,"Ja",1,1,1,0,1,2,4,4,0.8,8.666666666666666,1.166666666666667,4,3.333333333333333,7,6,0.49873071962318455,0.6980435101054945
207,"buwzn8sjxv4vsr4b",3,"2023-12-12T10:25:36Z","C2",23,"männlich",6,4,6,0,1,2,3,2,1,2,3,3,1,4,1,3,0,4,1,5,0,4,4,2,2,3,2,"Ja",2,1,3,3,3,3,3,3,0.8,5.333333333333333,3.333333333333333,2.666666666666667,3,5,5,0.4922168249150969,0.6921932767376103
113,"jgldnj2xw03fmfb2",2,"2023-12-12T10:29:09Z","C1",32,"weiblich",8,9,9,4,4,4,2,1,2,4,4,3,1,2,1,3,3,3,2,4,1,4,4,5,3,4,4,"Ja",3,2,0,2,1,2,3,3,2.2,8.666666666666666,2.5,3,2.666666666666667,4,6,0.5176850656539164,0.6536291882960681
114,"hmt54vrtvl6daeo5",2,"2023-12-12T10:35:42Z","C1",23,"weiblich",4,7,6,3,1,0,1,2,3,2,3,1,3,3,4,1,3,4,1,3,1,5,4,1,2,1,1,"Ja",2,3,4,3,4,1,1,0,2,5.666666666666667,3.5,1.333333333333333,0.666666666666667,6,4,0.48660058740842455,0.6818282847287604
115,"f2x057p14eusguwc",2,"2023-12-12T10:45:26Z","C2",29,"weiblich",10,10,10,4,4,4,3,2,1,4,4,2,0,4,0,0,2,5,1,5,0,2,4,2,2,4,2,"Ja",1,1,3,3,3,3,4,4,1,10,3.166666666666667,2.333333333333333,3.666666666666667,5,3,0.44511772795952076,0.6766309247106782
116,"xjb2ocsnmcwaenwd",2,"2023-12-12T10:57:58Z","C1",35,"weiblich",10,9,10,4,4,4,1,1,2,2,3,3,1,1,1,3,2,3,0,4,0,0,2,4,0,2,1,"Ja",3,2,1,5,4,2,3,3,1.4,9.666666666666666,2.333333333333333,2,2.666666666666667,5,5,0.43979539810286916,0.671617524451472
208,"twoj722n72xrel07",3,"2023-12-12T11:07:52Z","C2",28,"weiblich",9,10,10,4,4,2,2,2,1,2,4,2,4,3,3,3,1,3,0,1,0,4,4,1,1,4,1,"Ja",3,5,4,4,4,3,0,1,1.8,9.666666666666666,4,2.333333333333333,1.333333333333333,4,5,0.4347074819442741,0.6338214082385074
209,"nevk591t08mo46fw",3,"2023-12-12T11:24:26Z","C1",33,"weiblich",3,5,6,3,4,4,2,3,2,1,3,1,2,4,3,3,4,5,2,3,0,4,4,2,2,4,2,"Ja",1,3,3,3,3,2,2,1,2,4.666666666666667,3.5,2,1.666666666666667,2,4,0.41233286994768303,0.5544054643965461
117,"aoxag406u0swtr5z",2,"2023-12-12T11:26:02Z","C1",35,"weiblich",2,4,4,2,2,2,3,3,1,3,3,3,1,3,0,3,6,2,5,2,4,3,2,1,2,4,3,"Ja",4,4,4,3,2,3,3,4,4.6,3.333333333333333,3,3,3.333333333333333,3,3,0.38301968683066817,0.5105845211470124
211,"jhddbnwfaxphh4sr",3,"2023-12-12T13:02:55Z","C2",30,"weiblich",7,8,7,3,1,0,3,3,0,2,3,3,0,2,0,3,1,5,0,4,1,3,3,1,1,3,1,"Ja",1,2,4,4,4,4,4,4,1,7.333333333333333,3.5,2.666666666666667,4,4,7,0.42294489192431944,0.4880097144951526
118,"p0kfjlrjytt47xvh",2,"2023-12-12T13:43:32Z","C2",22,"männlich",9,9,9,3,1,2,4,3,1,4,4,4,1,4,2,2,1,5,1,5,0,1,3,5,4,1,5,"Ja",1,1,0,1,0,3,3,2,0.8,9,1,3.333333333333333,2.666666666666667,8,4,0.4028027255525341,0.5517137710752669
119,"gzalt5l533ws1smt",2,"2023-12-12T17:16:41Z","C1",44,"weiblich",6,6,7,2,1,1,1,2,1,1,1,3,1,2,3,3,2,2,2,4,1,3,3,2,1,3,3,"Ja",4,2,3,4,2,3,3,1,2.2,6.333333333333333,3,1.666666666666667,2.333333333333333,4,5,0.39868085988837304,0.5269899176077042
212,"1ojrfb2ehc8eg5tl",3,"2023-12-12T21:04:16Z","C1",24,"weiblich",3,1,6,3,1,2,3,2,1,2,3,1,1,1,1,3,1,1,1,2,0,1,0,1,2,1,1,"Ja",5,4,4,3,4,3,3,3,2.2,3.333333333333333,2.166666666666667,2.666666666666667,3,8,3,0.37135573492855545,0.5953552026841341
120,"c3ge5uncq0fc77o8",2,"2023-12-13T03:42:47Z","C1",28,"weiblich",8,8,8,4,4,3,1,2,3,2,4,0,2,2,3,1,2,3,3,4,0,4,2,3,1,3,3,"Ja",3,2,2,4,2,1,2,1,2,8,2.833333333333333,1.333333333333333,1.333333333333333,6,6,0.3846306243990496,0.6172103213928168
13,"p6tqz171hm7qakn5",1,"2023-12-13T06:32:04Z","C1",28,"männlich",7,5,8,2,2,3,2,2,2,2,4,1,2,3,1,2,0,3,2,4,3,4,5,3,1,4,2,"Ja",3,2,2,4,3,2,2,3,2,6.666666666666667,3.666666666666667,2,2.333333333333333,6,6,0.3990024862632658,0.6410663542904707
14,"6pthfbyylrt50rzg",1,"2023-12-13T08:56:09Z","C2",26,"weiblich",9,7,7,3,4,3,3,3,3,4,4,2,1,2,1,3,2,4,1,3,1,3,3,4,2,4,3,"Ja",2,3,1,3,2,1,3,3,1.8,7.666666666666667,2.666666666666667,3.333333333333333,2.333333333333333,6,3,0.37150292929531814,0.667134440174372
15,"b6kqj9dnb6qyqykr",1,"2023-12-13T13:52:10Z","C2",35,"männlich",3,5,5,2,3,2,2,2,2,2,2,2,1,2,2,2,1,5,1,5,1,3,3,3,3,3,3,"Ja",1,1,2,2,2,2,3,2,1,4.333333333333333,2.5,2,2.333333333333333,4,6,0.3845566072035389,0.6340594481903613
16,"vbxoarjxol1vlbhq",1,"2023-12-13T13:52:20Z","C2",44,"weiblich",3,3,3,2,1,2,3,1,2,2,2,2,2,2,2,2,5,2,2,1,2,2,2,2,2,2,2,"Ja",4,5,3,3,3,2,2,2,3.6,3,2.5,2.333333333333333,2,5,3,0.3592204543081447,0.6305349120953647
17,"w3rwtao2oxsmfkqe",1,"2023-12-13T15:14:43Z","C1",49,"weiblich",6,8,7,3,3,2,3,2,1,3,4,3,2,4,2,3,4,3,2,3,2,4,3,3,2,3,2,"Ja",3,3,2,3,3,3,2,2,2.8,7,3,3,2.333333333333333,4,4,0.3448637933983044,0.6001047296704234
18,"z833fkktgz1q2xyo",1,"2023-12-13T16:48:32Z","C1",16,"weiblich",3,2,3,1,2,3,0,0,2,0,1,1,3,1,4,1,6,1,6,0,0,1,1,3,0,4,2,"Ja",5,6,2,5,3,2,1,0,4.6,2.666666666666667,2.666666666666667,0.333333333333333,1,5,5,0.34180682419936703,0.5967204498585388
213,"3at8p9erh1h1bove",3,"2023-12-13T19:30:05Z","C2",31,"divers",5,7,5,0,4,0,2,2,2,2,3,2,2,2,2,2,3,3,3,3,3,3,3,3,3,3,3,"Ja",3,3,2,2,2,2,2,2,3,5.666666666666667,2.5,2,2,5,3,0.3219021967382354,0.5934147144177295
214,"wqygv9s774ek35ha",3,"2023-12-13T19:53:28Z","C1",19,"weiblich",5,5,5,2,2,2,2,3,1,3,4,3,1,2,1,2,3,3,2,4,1,2,2,4,3,1,4,"Ja",3,2,1,2,1,3,3,3,2.2,5,1.5,2.333333333333333,3,8,4,0.3101438567267616,0.6775603122924472
215,"qpd4f0507m982mxk",3,"2023-12-13T20:13:42Z","C2",22,"männlich",2,2,2,4,2,4,3,3,1,2,3,1,1,4,1,3,2,4,3,3,1,1,4,5,5,4,5,"Ja",2,3,0,0,0,3,3,3,2.2,2,1.5,2.666666666666667,3,8,4,0.2991161073356389,0.7773677395634064
216,"1e5tux4cb776f0my",3,"2023-12-13T20:13:54Z","C1",24,"männlich",5,8,5,2,0,1,3,4,0,2,4,3,0,4,1,3,6,2,4,1,2,1,3,5,3,1,3,"Ja",4,5,0,2,2,4,4,3,4.2,6,1.5,2.666666666666667,3.666666666666667,7,5,0.29653435624644736,0.8563087531813166
217,"c4952jdujkaw369j",3,"2023-12-13T20:25:51Z","C2",24,"weiblich",0,3,0,1,1,2,3,1,2,2,4,4,1,4,4,2,0,4,3,5,2,3,4,5,3,2,4,"Ja",2,1,0,2,1,2,3,0,1.6,1,2,2.333333333333333,1.666666666666667,7,6,0.3050094373809329,0.9485360595687091
19,"ythlemtvmqxop313",1,"2023-12-13T21:38:34Z","C1",22,"weiblich",6,6,7,4,4,4,1,1,2,2,4,3,1,2,1,4,2,5,1,4,0,1,2,4,4,3,3,"Ja",1,2,1,1,2,2,3,3,1.2,6.333333333333333,1.666666666666667,2.333333333333333,2.666666666666667,7,5,0.30252449435723056,1.0571750201133334
218,"rql2twrlo8vbdfay",3,"2023-12-13T21:51:50Z","C2",27,"weiblich",2,3,4,4,4,4,2,1,1,3,4,4,1,3,0,4,5,2,3,1,0,0,1,4,4,1,5,"Ja",4,5,1,1,0,3,3,4,3.4,3,0.666666666666667,3,3.333333333333333,4,5,0.3001062712141413,0.9908007951614377
219,"qd860a2bjm86ogg0",3,"2023-12-14T05:59:44Z","C2",23,"weiblich",7,7,7,4,4,4,3,1,3,3,4,3,1,2,2,3,5,3,4,1,3,5,5,3,1,4,1,"Ja",3,5,2,4,4,1,3,2,4,7,4,3,2,4,5,0.2977516491283197,0.9309822601180378
220,"yqfkj8doa2fs88h8",3,"2023-12-14T06:40:27Z","C2",20,"weiblich",0,0,2,4,0,0,4,4,0,3,2,2,2,4,1,4,0,3,1,2,1,0,0,3,3,3,3,"Ja",3,4,2,2,2,4,2,3,1.8,0.666666666666667,1.5,3.666666666666667,3,0,0,0.2804042540664584,0.7078710886826262
221,"xoyyt7zx5s1vufw8",3,"2023-12-14T08:34:01Z","C2",25,"weiblich",9,9,9,4,4,3,3,2,1,3,2,3,0,3,0,4,5,2,5,4,2,4,2,5,4,4,4,"Ja",4,2,0,1,1,3,4,4,3.6,9,2,3.333333333333333,3.666666666666667,5,5,0.2782302029991978,0.7052041075268902
222,"ohdx3fe3gdo9nbhg",3,"2023-12-14T11:57:27Z","C1",20,"weiblich",9,9,9,4,4,4,3,3,4,3,4,1,2,3,2,4,2,5,1,2,1,1,3,4,4,2,3,"Ja",1,4,1,1,2,0,2,2,1.8,9,1.666666666666667,3.333333333333333,1.333333333333333,6,4,0.26977013071845346,0.7336443689297116
21,"mkc9fg3eunbvye2n",1,"2023-12-14T13:18:44Z","C2",21,"weiblich",8,7,10,3,0,0,2,3,0,3,4,2,0,1,0,4,1,5,0,5,0,2,1,4,3,2,3,"Ja",1,1,1,2,2,4,4,4,0.6,8.333333333333334,1.666666666666667,3,4,7,5,0.26772987921356645,0.7987835338861536
223,"ms05eeb4tdq2ukdq",3,"2023-12-14T13:35:44Z","C1",22,"weiblich",4,2,2,1,0,0,3,4,1,3,4,2,1,1,2,3,3,5,6,5,4,1,1,4,3,3,4,"Ja",1,1,1,2,1,3,3,2,3,2.666666666666667,1.5,3,2.666666666666667,6,7,0.2841282894611133,0.8345772633058157
22,"a9as07pq7j6p2t7d",1,"2023-12-14T15:06:40Z","C1",59,"weiblich",7,7,8,4,4,4,4,1,1,4,4,2,1,3,0,4,0,6,0,5,0,1,1,3,3,2,3,"Ja",0,1,2,2,2,3,3,4,0.2,7.333333333333333,1.666666666666667,4,3.333333333333333,4,5,0.28211070752789513,0.7925210882774464
224,"ooa5czmw23xegb2v",3,"2023-12-14T17:53:24Z","C2",30,"weiblich",7,5,4,4,4,4,2,3,2,3,4,1,1,1,1,3,1,3,2,4,1,3,4,1,2,4,2,"Ja",3,2,4,3,3,2,3,3,1.8,5.333333333333333,3.5,2.666666666666667,2.666666666666667,6,6,0.28892600884665315,0.8281216217879372
121,"xzlln40qm8dsx691",2,"2023-12-14T20:41:54Z","C2",58,"männlich",9,10,10,4,3,1,4,3,2,4,4,4,0,3,0,4,1,5,0,6,0,3,1,4,4,2,4,"Ja",1,0,1,1,1,2,4,4,0.4,9.666666666666666,1.5,4,3.333333333333333,4,3,0.2749323325003053,0.78640736611631
122,"4dzzt0y6zvvnye2u",2,"2023-12-14T21:21:36Z","C1",50,"weiblich",8,3,9,4,0,0,3,2,1,3,4,2,0,4,0,4,3,4,1,5,0,1,2,5,3,1,4,"Ja",2,1,0,2,1,3,4,4,1.4,6.666666666666667,1.166666666666667,3.333333333333333,3.666666666666667,5,5,0.27306156200142473,0.784095027763446
23,"co5j5oww184vtqds",1,"2023-12-15T07:54:58Z","C2",21,"weiblich",7,10,8,3,4,4,3,1,2,1,4,4,0,3,1,3,2,5,1,5,0,4,5,4,1,3,4,"Ja",1,1,1,4,1,2,4,3,1,8.333333333333334,3,2.333333333333333,3,6,3,0.2605257480234988,0.8195668714392511
24,"60js4vhtgt6tho0k",1,"2023-12-15T08:10:56Z","C1",34,"weiblich",5,7,7,3,3,3,2,2,3,2,3,2,2,3,2,3,1,4,2,4,0,3,3,2,3,3,3,"Ja",2,2,3,2,2,1,2,2,1.4,6.333333333333333,2.666666666666667,2.333333333333333,1.666666666666667,3,7,0.27570499718161157,0.741280379807028
25,"0y7em3pyumwtffju",1,"2023-12-15T08:45:20Z","C1",50,"weiblich",5,6,6,4,4,4,4,3,1,3,4,3,1,3,0,4,4,2,3,4,0,1,2,4,4,2,4,"Ja",4,2,1,1,1,3,3,4,2.6,5.666666666666667,1.333333333333333,3.666666666666667,3.333333333333333,4,7,0.29208747875829044,0.7063281920341937
26,"239oardz3msgjxhv",1,"2023-12-15T08:51:45Z","C1",43,"weiblich",5,5,8,3,1,3,4,3,1,4,4,3,1,3,0,4,0,5,0,5,0,2,2,3,3,3,3,"Ja",1,1,2,2,2,3,3,4,0.4,6,2.166666666666667,4,3.333333333333333,5,3,0.27797055323364145,0.7040767363810353
123,"3cmvo81f7k5gqe39",2,"2023-12-15T09:12:57Z","C2",56,"männlich",9,8,9,4,4,4,3,3,1,3,4,2,0,2,1,3,1,5,0,6,0,0,1,5,5,1,4,"Ja",1,0,0,0,1,3,4,3,0.4,8.666666666666666,0.5,3,3.333333333333333,5,2,0.2620416076095979,0.7018547960736161
124,"3xd3b3wzmmyyt094",2,"2023-12-15T12:46:39Z","C1",56,"weiblich",5,9,8,4,4,2,2,2,0,3,4,3,1,2,1,3,1,5,0,5,0,3,3,1,0,3,1,"Ja",1,1,4,5,4,4,3,3,0.6,7.333333333333333,3.666666666666667,2.666666666666667,3.333333333333333,6,6,0.26746823495563626,0.7313999783254819
125,"g9wnecqcfu9k0ok8",2,"2023-12-15T16:02:00Z","C1",60,"männlich",10,10,10,4,4,4,4,4,0,4,4,1,0,4,0,4,0,6,0,6,0,1,1,3,3,1,3,"Ja",0,0,2,2,2,4,4,4,0,10,1.5,4,4,4,3,0.2557880004270445,0.6967558131976651
126,"wok5c8tm67hye8me",2,"2023-12-16T07:23:14Z","C1",54,"weiblich",8,6,7,4,4,4,4,3,0,4,4,3,0,3,0,4,1,3,3,3,0,2,2,3,3,2,3,"Ja",3,3,2,2,2,4,4,4,2,7,2,4,4,3,3,0.24513978257335425,0.6367213817848544
127,"qxzwzj3j9s3k83ze",2,"2023-12-16T07:48:44Z","C2",53,"weiblich",6,4,6,3,1,2,3,2,1,2,4,0,1,3,1,4,4,3,4,2,1,1,1,4,3,3,4,"Ja",3,4,1,2,1,3,3,3,3.2,5.333333333333333,1.5,3,3,6,4,0.2388461464542107,0.6615648858986393
128,"xdu16oldbrm9cb3e",2,"2023-12-16T08:48:41Z","C1",54,"weiblich",5,5,2,2,3,3,0,1,2,2,4,2,2,2,2,2,6,1,6,2,6,5,5,1,1,5,1,"Ja",5,4,4,4,4,2,2,2,5.4,4,4.5,1.333333333333333,2,6,1,0.2264577648271636,0.688281459994774
129,"ewt33qszdbqlp39p",2,"2023-12-16T11:37:39Z","C1",49,"weiblich",5,7,7,3,3,3,2,3,1,3,4,1,1,1,2,3,2,5,2,3,0,3,3,2,2,4,2,"Ja",1,3,3,3,3,3,3,2,1.6,6.333333333333333,3.166666666666667,2.666666666666667,2.666666666666667,4,7,0.23648166667480602,0.6569252375370422
27,"jplcorpsk39ro2jg",1,"2023-12-16T23:27:55Z","C2",18,"weiblich",3,2,4,2,2,2,0,1,1,1,4,0,2,4,3,0,5,0,2,4,5,3,0,1,1,3,3,"Ja",6,2,4,4,2,3,2,1,4,3,2.666666666666667,0.333333333333333,2,7,6,0.2405481886233478,0.7132111155580187
130,"5pdpsb3nxrja3lae",2,"2023-12-17T09:01:08Z","C1",25,"weiblich",5,5,5,2,1,2,2,2,2,3,3,2,1,1,0,4,1,3,2,2,0,4,4,4,2,2,3,"Ja",3,4,1,3,2,2,3,4,2,5,2.666666666666667,3,3,8,4,0.23469089095187476,0.8111500874863421
131,"5j79jc7q9o8329sh",2,"2023-12-18T16:56:17Z","C1",33,"divers",8,8,9,2,3,3,2,2,3,2,3,3,3,2,2,3,4,3,4,3,3,3,4,1,1,0,1,"Ja",3,3,4,4,4,1,1,2,3.4,8.333333333333334,3.166666666666667,2.333333333333333,1.333333333333333,7,8,0.2530557756118391,0.888677471215842
28,"gtjbk0o4gqa7dwqe",1,"2023-12-19T16:02:45Z","C2",23,"weiblich",8,9,9,4,4,1,1,0,4,2,3,2,1,1,2,4,3,4,3,4,2,4,4,5,3,3,2,"Ja",2,2,0,2,3,0,3,2,2.4,8.666666666666666,2.666666666666667,2.333333333333333,1.666666666666667,4,6,0.25767722700162654,0.8428047110331314
225,"dgjwr8o05rubw7ty",3,"2023-12-20T10:02:03Z","C2",64,"weiblich",8,8,8,4,4,4,1,2,2,2,2,2,3,1,3,2,0,2,0,3,0,0,0,5,2,2,5,"Ja",4,3,0,3,0,2,1,1,1.4,8,0.833333333333333,1.666666666666667,1.333333333333333,6,7,0.2698856103314325,0.8826679215266083
226,"1tggjue3qoxj1xz2",3,"2023-12-20T10:05:26Z","C1",19,"weiblich",6,7,6,2,1,1,2,3,1,3,3,4,1,2,1,4,1,4,1,4,0,1,3,3,3,2,3,"Ja",2,2,2,2,2,3,3,3,1.2,6.333333333333333,2,3,3,9,6,0.2751642410885486,1.059786857660303
227,"lmto2q4mmx0z3mjx",3,"2023-12-20T10:15:58Z","C2",19,"weiblich",8,6,7,4,4,1,1,1,1,2,4,2,3,3,1,4,1,5,1,4,0,1,1,4,4,2,4,"Ja",1,2,1,1,1,3,1,3,1,7,1.166666666666667,2.333333333333333,2.333333333333333,5,6,0.2806903418773896,1.058158195448099
132,"drpuqq0gg6t252xx",2,"2023-12-20T10:46:23Z","C1",46,"weiblich",6,6,6,3,2,1,2,2,2,2,3,1,2,2,2,3,2,3,5,4,1,3,4,3,1,3,2,"Ja",3,2,2,4,3,2,2,2,2.6,6,3.166666666666667,2.333333333333333,2,4,5,0.2792875358301081,0.9994647011672246
228,"sq56k6z5kbso66ze",3,"2023-12-20T11:01:06Z","C2",60,"weiblich",8,7,8,4,4,3,3,3,1,2,4,2,1,3,1,3,3,5,1,4,1,0,2,3,3,2,4,"Ja",1,2,2,2,1,3,3,3,1.6,7.666666666666667,1.5,2.666666666666667,3,4,2,0.2632356586009006,0.9457189263244994
229,"jj6tul7pwxcl78dz",3,"2023-12-20T11:11:33Z","C1",23,"weiblich",7,6,7,4,4,4,2,0,0,4,4,4,0,2,0,4,6,0,3,0,0,5,5,5,0,0,0,"Ja",6,6,0,5,5,4,4,4,4.2,6.666666666666667,3.333333333333333,3.333333333333333,4,6,5,0.26192075543213256,0.992896665553893
230,"m2rh2ax53cs5u1v9",3,"2023-12-20T11:13:42Z","C2",20,"weiblich",3,4,4,2,1,2,3,1,3,4,3,3,0,2,3,4,3,2,3,4,1,2,2,4,5,1,4,"Ja",4,2,1,0,1,1,4,1,2.6,3.666666666666667,1.166666666666667,3.666666666666667,2,3,5,0.2606269139347836,0.8901322554715644
231,"q7j4sqy4e7eqbjme",3,"2023-12-20T11:50:55Z","C1",52,"weiblich",8,7,9,3,1,1,3,2,1,4,3,3,2,3,1,4,1,4,0,3,0,1,2,1,4,2,3,"Ja",2,3,4,1,2,3,2,3,1.2,8,2,3.666666666666667,2.666666666666667,5,3,0.24989553756976324,0.8884047544288363
232,"3dd51sxy7mo0lpe4",3,"2023-12-20T12:20:21Z","C1",20,"männlich",7,6,8,4,4,2,2,4,2,4,4,4,1,1,1,3,1,5,1,4,0,5,4,5,4,1,2,"Ja",1,2,0,1,3,2,3,3,1,7,2.333333333333333,3,2.666666666666667,4,7,0.2613409549165933,0.8437252965065553
234,"lyq7fbffkvy7thh3",3,"2023-12-20T13:10:16Z","C2",25,"weiblich",5,7,6,3,3,2,2,1,3,2,3,1,2,1,2,2,4,3,4,3,2,4,4,1,1,4,2,"Ja",3,3,4,4,3,1,2,2,3.2,6,3.833333333333333,2,1.666666666666667,4,4,0.2548778719805854,0.8024870349852131
235,"9sol69vph0tdoyrz",3,"2023-12-20T16:38:22Z","C1",22,"weiblich",5,5,3,4,4,4,0,1,3,1,3,3,2,1,4,2,5,2,3,2,3,3,3,4,2,1,4,"Ja",4,4,1,3,1,1,2,0,3.8,4.333333333333333,2,1,1,4,5,0.2536685845777433,0.7643436980141196
236,"gsu1e6r8gc9ftb1q",3,"2023-12-20T16:59:44Z","C1",54,"weiblich",6,5,5,3,4,4,3,1,3,2,4,4,1,2,1,3,5,2,4,1,1,4,5,5,1,3,2,"Ja",4,5,0,4,3,1,3,3,3.8,5.333333333333333,3.166666666666667,2.666666666666667,2.333333333333333,5,4,0.24747687435502735,0.7626216711203024
237,"ruvpnkq925uuvxke",3,"2023-12-20T16:59:48Z","C2",21,"männlich",10,5,10,3,2,4,1,2,1,2,1,2,3,1,2,2,4,1,6,3,2,5,0,4,0,2,0,"Ja",5,3,1,5,5,3,1,2,4,8.333333333333334,3,1.666666666666667,2,7,7,0.25880247767946735,0.8315008093602158
238,"d0v26ywwh4742bt6",3,"2023-12-20T17:49:25Z","C2",23,"weiblich",6,3,6,3,3,0,3,4,0,4,4,2,0,4,0,4,1,5,0,3,0,3,3,2,2,4,1,"Ja",1,3,3,3,4,4,4,4,1,5,3.333333333333333,3.666666666666667,4,5,4,0.2524499761933897,0.8298282549314768
29,"hv8oh5241lcftfgh",1,"2023-12-20T19:14:02Z","C1",60,"weiblich",7,7,8,4,4,1,2,1,2,2,3,1,3,2,1,3,3,2,4,3,1,3,3,1,1,3,1,"Ja",4,3,4,4,4,2,1,3,3,7.333333333333333,3.5,2.333333333333333,2,9,7,0.2641134799838097,0.9883988872064238
239,"qsqnw9ttlqnnnz9l",3,"2023-12-21T08:38:34Z","C2",18,"weiblich",4,4,5,1,0,2,3,1,1,3,4,3,0,1,2,3,3,4,2,3,3,3,3,2,4,2,3,"Ja",2,3,3,1,2,3,4,2,2.6,4.333333333333333,2.333333333333333,3,3,6,6,0.26931381067714383,1.0378477878984813
30,"y6khkgthqhcemmk3",1,"2023-12-21T14:33:36Z","C1",20,"weiblich",8,8,7,3,3,3,3,2,3,3,3,3,1,1,2,3,4,4,2,4,2,2,3,2,4,3,2,"Ja",2,2,3,1,3,1,3,2,2.4,7.666666666666667,2.5,3,2,5,4,0.26253387466187195,1.0363315471006178
240,"ma7tny6uhjs8byy7",3,"2023-12-23T15:18:45Z","C2",24,"weiblich",6,8,7,4,4,4,4,2,4,2,1,4,0,4,2,4,5,4,0,3,0,2,2,2,3,2,2,"Ja",2,3,3,2,3,0,4,2,2,7,2.333333333333333,3.333333333333333,2,5,5,0.2614001378147533,1.0348229559733169
133,"24efu2ojl3lzc52z",2,"2023-12-26T16:25:00Z","C1",23,"männlich",1,1,1,3,1,2,1,3,1,2,3,0,0,4,4,2,4,2,3,1,3,5,5,1,1,4,0,"Ja",4,5,4,4,5,3,4,0,3.8,1,4.5,1.666666666666667,2.333333333333333,6,6,0.2665926532456979,1.0885287809299846
31,"085v11ew0bg0ozcf",1,"2023-12-27T11:13:06Z","C2",21,"weiblich",6,6,8,4,4,4,3,1,0,3,4,3,0,3,0,3,1,5,0,4,0,2,2,4,4,2,3,"Ja",1,2,1,1,2,4,4,4,0.8,6.666666666666667,1.666666666666667,3,4,5,8,0.2879637807366476,1.0870766219801753
32,"1kg1kumx012g5us1",1,"2023-12-28T11:16:11Z","C1",22,"männlich",1,2,3,3,4,3,1,0,2,0,3,2,4,2,3,1,4,2,6,1,5,5,5,0,0,5,0,"Ja",4,5,5,5,5,2,0,1,4.8,2,5,0.666666666666667,1,7,3,0.27504715190232226,1.2051637561098176
134,"w2mqxuw3gmt13uhn",2,"2023-12-29T18:29:20Z","C1",29,"weiblich",4,6,4,3,3,1,3,2,0,4,4,3,1,3,1,4,2,4,1,5,1,2,3,2,3,1,3,"Ja",2,1,3,2,2,4,3,3,1.4,4.666666666666667,2.166666666666667,3.666666666666667,3.333333333333333,6,4,0.26812264323491614,1.2735470250560117
241,"0g8t7w6nys4sg8c5",3,"2024-01-04T08:38:57Z","C1",56,"weiblich",8,8,8,4,4,4,4,4,1,4,2,1,1,4,0,4,0,6,0,6,0,3,3,3,3,3,3,"Ja",0,0,2,2,2,3,3,4,0,8,2.5,4,3.333333333333333,7,7,0.2808625054153111,1.4233134962881269
242,"u4wz39l2gfb9rhgj",3,"2024-01-04T11:48:45Z","C2",22,"weiblich",8,9,7,3,3,4,2,3,1,3,4,1,1,1,1,4,3,2,1,5,0,4,4,5,2,4,4,"Ja",4,1,0,3,1,3,3,3,1.8,8,2.666666666666667,3,3,7,4,0.2737165974628145,1.5994397682031283
135,"ox3qkxy42m3rao63",2,"2024-01-04T18:15:38Z","C1",33,"männlich",8,8,8,1,1,1,3,2,2,2,4,1,1,2,1,1,3,3,2,5,1,3,3,2,2,4,2,"Ja",3,1,3,3,3,2,3,3,2,8,3.166666666666667,2,2.666666666666667,5,4,0.2668673811205675,1.5985345119075862
137,"qw8jtz0ptwyrqt22",2,"2024-01-04T18:20:04Z","C2",20,"männlich",2,7,1,4,1,4,0,3,2,0,3,4,1,3,4,3,5,1,4,1,5,2,2,3,2,1,3,"Ja",5,5,2,3,2,2,3,0,4.8,3.333333333333333,2,1,1.666666666666667,4,5,0.2658169570309227,1.4927182073473515
138,"ufgbrdkx8w8vmxg3",2,"2024-01-04T18:43:27Z","C1",25,"männlich",7,5,8,4,4,4,4,3,0,4,4,3,1,3,1,3,1,5,0,5,0,4,4,4,3,1,4,"Ja",1,1,1,2,1,4,3,3,0.6,6.666666666666667,2.166666666666667,3.666666666666667,3.333333333333333,6,3,0.2546287833294844,1.5872490113317672
139,"lrszlzo92sja9dtq",2,"2024-01-04T18:47:38Z","C1",30,"weiblich",8,8,8,4,4,3,1,2,2,3,4,3,0,1,1,3,1,4,2,2,0,4,4,2,1,5,2,"Ja",2,4,3,4,3,2,4,3,1.8,8,3.833333333333333,2.333333333333333,3,4,6,0.2595298089856375,1.4825049822998924
243,"5uv48pfj9mpta8h5",3,"2024-01-05T09:45:32Z","C2",21,"männlich",8,9,9,3,2,2,3,3,1,3,3,2,0,2,4,3,1,5,2,5,0,4,3,3,2,3,2,"Ja",1,1,2,3,3,3,4,0,1,8.666666666666666,3,3,2.333333333333333,5,6,0.2646364717654682,1.4814520976736292
140,"a7gyum0vwtl7krs2",2,"2024-01-05T15:22:58Z","C2",28,"männlich",3,3,2,1,2,3,1,2,1,1,4,2,2,3,3,2,4,1,3,2,3,2,1,1,2,3,2,"Ja",5,4,4,3,3,3,2,1,3.8,2.666666666666667,2.666666666666667,1.333333333333333,2,4,5,0.26363290731164746,1.3866301926594022
141,"c793awdpkn9dqsbc",2,"2024-01-05T15:32:58Z","C2",25,"männlich",10,8,10,4,2,4,3,2,3,3,4,2,2,3,3,3,1,3,2,4,0,1,2,2,4,1,3,"Ja",3,2,3,1,2,1,2,1,1.6,9.333333333333334,1.666666666666667,3,1.333333333333333,6,6,0.26895374408439915,1.4713399270084948
142,"8bydy8kyzzpfojur",2,"2024-01-05T15:48:40Z","C2",28,"weiblich",9,8,9,3,4,3,3,3,2,3,4,2,3,2,1,3,4,3,4,4,1,3,4,4,3,2,4,"Ja",3,2,1,2,1,2,1,3,2.8,8.666666666666666,2.166666666666667,3,2,7,3,0.2574371473978743,1.6564865790827978
33,"nxz5o5r0jlqyl8zo",1,"2024-01-05T16:01:14Z","C1",22,"männlich",3,5,3,2,1,2,2,2,3,3,3,2,0,2,3,2,2,3,4,2,5,3,4,4,3,3,2,"Ja",3,4,1,2,3,1,4,1,3.6,3.666666666666667,2.666666666666667,2.333333333333333,2,5,2,0.2432040737371777,1.655608951696321
34,"72punsuysxtz73ej",1,"2024-01-05T16:34:19Z","C2",28,"weiblich",5,6,6,4,4,4,3,3,2,3,4,4,1,2,3,3,2,4,4,4,1,5,5,4,1,1,1,"Ja",2,2,1,4,4,2,3,1,2.2,5.666666666666667,3.333333333333333,3,2,5,7,0.2538383215347226,1.6547257076294852
143,"v1xeezfcov8rltum",2,"2024-01-05T17:43:55Z","C2",22,"weiblich",3,2,5,2,2,1,3,2,1,3,4,2,1,3,0,4,3,2,4,2,2,4,4,2,1,4,1,"Ja",4,4,3,4,4,3,3,4,3.4,3.333333333333333,3.833333333333333,3.333333333333333,3.333333333333333,7,5,0.25290700359848217,1.8744237232321683
35,"swhlgxk1vy6gpmwc",1,"2024-01-05T20:12:14Z","C1",22,"weiblich",4,7,5,4,1,3,4,3,1,4,4,3,0,2,0,0,0,4,2,5,0,2,2,5,2,5,2,"Ja",2,1,0,3,3,3,4,4,1,5.333333333333333,2.5,2.666666666666667,3.666666666666667,5,3,0.24276241543434735,1.8737727794681478
144,"h826757dpl79mngy",2,"2024-01-06T12:32:22Z","C2",20,"männlich",4,4,4,4,4,4,3,1,2,2,1,2,1,3,1,2,2,4,2,3,4,3,2,4,4,5,4,"Ja",2,3,1,1,1,2,3,3,2.6,4,2.166666666666667,2.333333333333333,2.666666666666667,5,6,0.24721905562773472,1.87311245040858
36,"1wn6j1cqczb7bmtt",1,"2024-01-06T13:36:38Z","C2",24,"männlich",5,5,6,4,4,4,4,3,1,4,3,2,1,4,1,3,1,4,2,3,2,2,3,3,1,3,3,"Ja",2,3,2,4,2,3,3,3,2,5.333333333333333,2.666666666666667,3.666666666666667,3,3,5,0.24632876392941577,1.6121016455107011
145,"e27xfleuj8n79ppr",2,"2024-01-06T15:47:09Z","C1",57,"männlich",7,7,7,4,4,4,2,4,3,1,4,0,1,3,1,3,5,5,4,4,1,1,3,3,1,2,2,"Ja",1,2,2,4,3,1,3,3,2.6,7,2.5,2,2.333333333333333,5,6,0.2509598054452421,1.6111558587572266
146,"sk5wa5pdym9aao2o",2,"2024-01-06T16:34:22Z","C2",38,"weiblich",5,4,5,2,1,0,1,2,1,1,3,2,1,3,1,2,3,4,2,4,1,3,4,2,2,3,2,"Ja",2,2,3,3,3,3,3,3,2,4.666666666666667,3.166666666666667,1.333333333333333,3,4,5,0.2500769380405788,1.5046462937578367
148,"by68surx457ntj3a",2,"2024-01-06T21:44:17Z","C2",24,"weiblich",3,3,2,0,4,3,2,0,1,2,3,4,1,0,2,3,5,0,1,2,1,3,4,1,1,2,2,"Ja",6,4,4,4,3,3,3,2,3.4,2.666666666666667,3.333333333333333,2.333333333333333,2.666666666666667,4,2,0.23655402600408257,1.40825202444935
149,"ghrkgptx8w1opjyd",2,"2024-01-06T23:27:27Z","C1",36,"männlich",5,7,4,4,4,4,2,2,2,3,2,3,2,3,1,4,5,1,4,4,3,1,1,4,4,1,4,"Ja",5,2,1,1,1,2,2,3,3.8,5.333333333333333,1,3,2.333333333333333,5,4,0.23132486830907295,1.4071305715818145
37,"aylrpqputoetd2x7",1,"2024-01-07T10:30:44Z","C1",20,"männlich",5,3,3,3,1,1,3,1,3,2,4,2,1,2,2,2,4,2,2,0,1,3,3,2,2,3,2,"Ja",4,6,3,3,3,1,3,2,3.4,3.666666666666667,3,2.333333333333333,2,3,7,0.24101658389090638,1.2360074100255465
38,"hux3kh64xx9yxjcs",1,"2024-01-07T10:31:50Z","C2",19,"weiblich",2,3,5,2,3,1,2,1,1,3,4,1,1,2,0,3,2,4,2,3,0,2,3,1,2,4,3,"Ja",2,3,4,3,2,3,3,4,1.8,3.333333333333333,3,2.666666666666667,3.333333333333333,4,4,0.23563547978497998,1.1641177648652195
39,"jqc3g1px6ytsj7r0",1,"2024-01-07T10:53:31Z","C1",19,"weiblich",2,7,3,4,4,2,2,2,1,2,4,1,2,2,2,3,3,3,5,2,1,3,3,2,1,4,1,"Ja",3,4,3,4,4,3,2,2,3.2,4,3.5,2.333333333333333,2.333333333333333,6,7,0.245616034808232,1.228453332847615
40,"cvjvva90th4dehl5",1,"2024-01-07T11:04:41Z","C1",19,"weiblich",5,7,3,3,3,3,2,2,2,3,3,4,1,2,1,3,1,3,4,3,2,3,4,4,1,4,2,"Ja",3,3,1,4,3,2,3,3,2.6,5,3.166666666666667,2.666666666666667,2.666666666666667,5,4,0.24007631945521735,1.227227375888657
150,"5hrqzy7r2rj7c0yr",2,"2024-01-07T11:25:22Z","C2",28,"weiblich",10,8,10,4,0,0,3,3,2,3,4,3,2,3,0,4,0,6,0,4,0,2,2,3,3,3,3,"Ja",0,2,2,2,2,2,2,4,0.4,9.333333333333334,2.166666666666667,3.333333333333333,2.666666666666667,2,6,0.24447380740790442,1.0239086213044382
41,"u52s7h3h0hjcx708",1,"2024-01-07T11:26:09Z","C1",20,"männlich",5,3,3,2,1,0,1,1,2,2,4,3,2,3,2,2,1,6,1,2,0,1,2,5,4,2,3,"Ja",0,4,0,1,2,2,2,2,1.2,3.666666666666667,1.333333333333333,1.666666666666667,2,5,10,0.27723602686470616,1.022611669738642
42,"s51gpx87ga4tbvrb",1,"2024-01-07T12:09:02Z","C2",21,"männlich",9,6,5,2,1,1,3,1,1,3,4,2,1,2,1,4,2,3,3,3,0,4,3,2,2,4,2,"Ja",3,3,3,3,3,3,3,3,2.2,6.666666666666667,3.333333333333333,3.333333333333333,3,4,6,0.28275399317845606,0.9689688944562084
43,"dwaslhxsv8bm21lp",1,"2024-01-07T12:43:23Z","C1",20,"weiblich",4,6,4,3,4,4,4,1,1,2,3,4,1,0,3,4,4,3,6,1,5,5,5,3,1,5,1,"Ja",3,5,2,4,4,3,3,1,4.6,4.666666666666667,4.166666666666667,3.333333333333333,2.333333333333333,3,4,0.2759476004689058,0.8731265854539498
44,"amw613fj305juplt",1,"2024-01-07T12:47:02Z","C1",19,"weiblich",8,7,6,4,3,3,2,3,2,4,4,3,2,3,1,3,2,5,2,4,2,4,4,2,2,4,2,"Ja",1,2,3,3,3,2,2,3,1.8,7,3.5,3,2.333333333333333,5,4,0.26940753857166716,0.8718285825566965
45,"qov8b78bybn936o6",1,"2024-01-07T13:33:30Z","C2",20,"weiblich",2,4,3,4,4,1,3,2,3,3,4,0,3,4,0,4,1,1,4,2,3,5,5,3,0,5,1,"Ja",5,4,2,5,4,1,1,4,3.4,3,4.333333333333333,3.333333333333333,2,6,8,0.28887841574294976,0.9123415549336245
46,"93e5xfnt76e4mkho",1,"2024-01-07T22:23:30Z","C2",20,"männlich",3,2,6,4,4,2,3,3,1,4,4,2,1,1,2,2,4,5,1,2,0,5,5,2,1,1,1,"Ja",1,4,3,4,4,3,3,2,2,3.666666666666667,3.666666666666667,3,2.666666666666667,4,6,0.2948161255302875,0.8672978878622257
151,"ooe9afvxfv60whm3",2,"2024-01-08T10:04:33Z","C1",29,"männlich",4,3,3,1,1,0,3,2,1,2,4,3,1,3,2,3,3,4,3,5,1,4,4,4,2,4,3,"Ja",2,1,1,3,2,3,3,2,2,3.333333333333333,3,2.666666666666667,2.666666666666667,3,5,0.2939474896193655,0.7867375440725638
47,"w6w6m1svfcubn8o4",1,"2024-01-08T10:57:52Z","C1",41,"weiblich",10,7,10,4,4,4,3,2,1,4,4,1,0,2,0,4,1,5,0,5,0,3,3,2,2,3,2,"Ja",1,1,3,3,3,3,4,4,0.6,9,3,3.666666666666667,3.666666666666667,4,5,0.2930871354849942,0.750976804670328
152,"fs6b27y4q1zrvjet",2,"2024-01-08T13:42:15Z","C2",23,"weiblich",3,3,7,3,1,1,3,3,1,3,4,2,0,3,0,3,2,5,2,2,0,1,2,3,1,3,3,"Ja",1,4,2,4,2,3,4,4,1.8,4.333333333333333,2.333333333333333,3,3.666666666666667,5,4,0.28588260980108465,0.7497288288849631
48,"mwfr5s0unz9canaf",1,"2024-01-08T17:02:25Z","C1",49,"weiblich",10,10,10,4,4,4,2,2,1,3,4,3,2,3,1,4,2,5,0,3,0,4,4,4,3,4,3,"Ja",1,3,1,2,2,3,2,3,1.2,10,2.833333333333333,3,2.666666666666667,9,6,0.29179727068401967,0.8829219826653222
153,"kt29aj5wggf8557e",2,"2024-01-08T20:41:39Z","C1",21,"männlich",6,1,4,4,4,4,1,2,2,3,4,1,2,1,2,3,2,3,0,3,0,0,1,1,3,3,2,"Ja",3,3,4,2,3,2,2,2,1.6,3.666666666666667,2.166666666666667,2.333333333333333,2,3,6,0.2979567404243418,0.8020466329337222
154,"ok5m5tsrd4ovvqqo",2,"2024-01-08T21:30:05Z","C2",54,"weiblich",6,6,7,3,2,2,3,1,1,3,4,2,3,1,1,3,1,3,1,2,1,2,1,2,2,1,2,"Ja",3,4,3,3,3,3,1,3,2,6.333333333333333,2.166666666666667,3,2.333333333333333,8,3,0.2846238109802177,0.9091983651373832
155,"5l0zv8vr50op8eu0",2,"2024-01-08T21:37:14Z","C2",34,"männlich",8,5,5,3,3,3,3,2,1,3,3,2,1,2,0,3,1,3,2,4,0,3,3,4,3,2,4,"Ja",3,2,1,2,1,3,3,4,1.6,6,2,3,3.333333333333333,4,3,0.272368031847681,0.8661414911582592
156,"fhfv1pohwp2gj5vv",2,"2024-01-08T21:39:55Z","C2",29,"männlich",7,5,6,4,3,4,2,2,2,2,3,2,1,3,3,1,2,3,4,3,2,1,1,3,4,1,4,"Ja",3,3,2,1,1,2,3,1,2.8,6,1.166666666666667,1.666666666666667,2,7,4,0.2660188840377987,0.9449292645357577
157,"y9kxme3hug3xpr5v",2,"2024-01-08T21:56:20Z","C1",28,"weiblich",7,8,9,4,4,4,3,2,1,2,3,3,1,3,1,3,3,5,2,5,1,4,4,3,4,1,3,"Ja",1,1,2,1,2,3,3,3,1.6,8,2.333333333333333,2.666666666666667,3,5,7,0.2777728985110988,0.9437034646036325
158,"asvsk17fb5gc15u7",2,"2024-01-08T22:02:07Z","C1",26,"weiblich",9,5,8,3,3,3,4,3,2,2,4,3,1,3,1,3,1,4,5,3,0,4,4,2,2,4,2,"Ja",2,3,3,3,3,2,3,3,2.2,7.333333333333333,3.5,3,2.666666666666667,6,5,0.2769907999629402,0.9877270841824293
159,"yteabhvkb2axfqw3",2,"2024-01-08T22:03:48Z","C2",26,"weiblich",5,2,4,2,3,1,1,1,2,2,3,2,1,1,3,2,4,2,1,3,2,3,3,2,1,3,3,"Ja",4,3,3,4,2,2,3,1,2.8,3.666666666666667,3,1.666666666666667,2,3,6,0.2825921343084704,0.8931010691199306
160,"2n912h3xhwpu6gbq",2,"2024-01-08T22:06:44Z","C1",26,"weiblich",6,4,6,1,1,2,1,0,2,1,3,4,1,2,1,3,5,2,5,5,4,3,2,3,3,2,3,"Ja",4,1,2,2,2,2,3,3,3.8,5.333333333333333,2.166666666666667,1.666666666666667,2.666666666666667,7,4,0.27583519466300815,0.9752560715458286
161,"wnt5vtj27ltj6vr2",2,"2024-01-08T22:10:44Z","C1",24,"männlich",8,8,8,3,3,2,2,3,1,3,3,3,0,3,0,4,0,5,0,4,0,2,2,3,3,2,3,"Ja",1,2,2,2,2,3,4,4,0.6,8,2,3,3.666666666666667,6,5,0.2750732744249059,1.021254773222526
162,"jm6ay3uhkvnehcja",2,"2024-01-08T22:20:32Z","C2",22,"weiblich",4,7,3,1,3,3,2,2,2,2,3,1,2,1,2,2,2,3,0,4,0,3,3,2,3,2,2,"Ja",3,2,3,2,3,2,2,2,1.4,4.666666666666667,2.666666666666667,2,2,2,6,0.28065603722300153,0.876520790460248
163,"7zq822jzuwml55lc",2,"2024-01-08T22:31:05Z","C2",28,"weiblich",5,4,3,4,4,0,2,2,1,2,2,2,1,3,1,3,4,4,1,3,0,3,3,3,2,3,2,"Ja",2,3,2,3,3,3,3,3,2,4,2.833333333333333,2.333333333333333,3,4,5,0.27989653298537126,0.8365430976351304
164,"pl57ac33mpfm9jj2",2,"2024-01-08T22:31:53Z","C2",28,"männlich",5,0,5,4,0,0,4,4,0,4,4,0,0,4,0,4,0,6,0,2,0,0,0,5,5,0,5,"Ja",0,4,0,0,0,4,4,4,0.8,3.333333333333333,0,4,4,5,4,0.2732098076994802,0.835364387865756
165,"1vy1apbgnr9qmpuf",2,"2024-01-09T04:58:51Z","C2",26,"weiblich",5,5,5,3,2,1,1,2,1,2,4,1,2,2,0,3,3,4,2,4,0,3,4,3,1,5,3,"Ja",2,2,2,4,2,3,2,4,1.8,5,3.333333333333333,2,3,6,3,0.2616977389285226,0.8712027149657388
166,"hy6fhqohxlp5od8q",2,"2024-01-09T05:23:11Z","C2",27,"männlich",4,3,10,4,4,1,2,0,2,3,4,4,2,3,4,4,3,2,1,4,2,0,0,0,4,1,5,"Ja",4,2,5,1,0,2,2,0,2.4,5.666666666666667,1.166666666666667,3,1.333333333333333,5,2,0.2469586504672456,0.8700307911605311
167,"tb22vdm2gahvzptm",2,"2024-01-09T08:05:52Z","C2",34,"männlich",5,4,4,3,3,3,3,3,3,3,3,3,3,3,3,3,5,5,5,5,5,4,4,4,4,4,4,"Ja",1,1,1,1,1,1,1,1,3.4,4.333333333333333,2.5,3,1,6,2,0.23384988825026587,0.9083445232272438
168,"qpbmtl74ncqpcg3s",2,"2024-01-09T09:05:06Z","C2",27,"männlich",10,10,10,4,4,4,4,4,4,4,4,2,1,4,4,4,4,0,6,0,6,4,4,3,4,2,2,"Ja",6,6,2,1,3,0,3,0,5.6,10,2.666666666666667,4,1,6,5,0.2331999195571482,0.949349920159933
169,"nnq0uvj7hd5hxmp2",2,"2024-01-09T11:38:09Z","C2",29,"weiblich",7,6,5,2,3,1,2,1,2,1,3,3,1,2,1,3,6,4,5,3,0,3,3,5,3,2,3,"Ja",2,3,0,2,2,2,3,3,3.2,6,2,2,2.666666666666667,5,7,0.24247485084440012,0.9481881899263981
244,"xl1br93axmf166e8",3,"2024-01-09T11:42:03Z","C2",22,"weiblich",3,3,3,1,1,0,3,2,3,3,4,4,1,4,3,2,5,3,4,2,4,3,3,3,3,3,3,"Ja",3,4,2,2,2,1,3,1,4,3,2.5,2.666666666666667,1.666666666666667,4,6,0.24682815396865143,0.9028889323044715
245,"8jwtfpzp6rtthz29",3,"2024-01-09T11:49:16Z","C2",36,"männlich",6,6,7,4,0,0,3,1,2,3,3,3,0,4,2,2,3,3,4,4,1,1,1,4,4,0,4,"Ja",3,2,1,1,1,2,4,2,2.6,6.333333333333333,0.833333333333333,2.666666666666667,2.666666666666667,2,3,0.23739906823263923,0.7834599422934204
49,"c1cy2s124lton0p6",1,"2024-01-09T12:20:07Z","C1",21,"männlich",9,10,10,4,3,3,4,3,1,4,3,3,3,3,4,4,1,4,1,4,0,5,5,4,1,1,1,"Ja",2,2,1,4,4,3,1,0,1.2,9.666666666666666,3.333333333333333,4,1.333333333333333,5,7,0.24691879246597984,0.7823379277162122
50,"cxmvdryo46m0ux5l",1,"2024-01-09T12:25:44Z","C1",33,"weiblich",8,5,8,3,2,3,3,3,3,3,3,1,1,2,2,2,0,5,0,5,0,0,1,2,1,2,2,"Ja",1,1,3,4,3,1,3,2,0.4,7,2.166666666666667,2.666666666666667,2,5,3,0.23752125750448644,0.7812217079447068
246,"u04elz232r31od0p",3,"2024-01-09T12:33:01Z","C1",23,"männlich",6,7,8,3,3,2,3,2,1,3,3,2,1,3,0,4,1,4,1,4,1,3,3,3,2,1,1,"Ja",2,2,2,3,4,3,3,4,1.4,7,2.666666666666667,3.333333333333333,3.333333333333333,2,2,0.22544033531334415,0.6865233758995481
170,"bv60h4cy7pftw4m1",2,"2024-01-09T12:53:46Z","C1",24,"weiblich",6,7,9,3,4,1,1,1,1,3,4,4,1,1,2,3,3,3,1,5,3,4,4,5,2,3,1,"Ja",3,1,0,3,4,3,3,2,2.2,7.333333333333333,3,2.333333333333333,2.666666666666667,3,4,0.22096060956908162,0.6340607199938868
51,"gafho2tnbw3hkd16",1,"2024-01-09T13:07:19Z","C1",20,"weiblich",8,9,9,3,4,3,4,3,4,3,4,2,1,2,4,3,4,3,3,4,1,5,4,1,2,2,1,"Ja",3,2,4,3,4,0,3,0,2.6,8.666666666666666,3.666666666666667,3.333333333333333,1,7,3,0.21333838069152858,0.6813314172990776
247,"84kt8ocrbe3geezv",3,"2024-01-09T13:35:44Z","C1",22,"weiblich",5,4,6,4,4,4,1,1,0,2,2,3,0,2,2,3,4,3,3,2,0,5,5,3,1,5,1,"Ja",3,4,2,4,4,4,4,2,2.8,5,4.166666666666667,2,3.333333333333333,6,6,0.2167091968749043,0.7068549048365411
248,"3xo8xy6he8ozxc7h",3,"2024-01-09T13:44:13Z","C2",29,"weiblich",10,6,10,4,2,2,3,3,2,3,4,4,3,2,1,4,1,4,0,6,0,5,5,3,2,4,3,"Ja",2,0,2,3,2,2,1,3,0.6,8.666666666666666,3.5,3.333333333333333,2,5,3,0.209355105242299,0.7057908635248684
249,"5b1k1c6ymdkwfmzb",3,"2024-01-09T14:13:49Z","C1",26,"weiblich",4,6,7,1,1,1,4,1,2,3,4,3,1,3,1,4,0,3,1,5,2,3,2,3,1,3,4,"Ja",3,1,2,4,1,2,3,3,1.4,5.666666666666667,2.5,3.666666666666667,2.666666666666667,7,4,0.2054123316006984,0.7616169882138706
250,"7pjztqlectoj0qxw",3,"2024-01-09T14:36:17Z","C1",32,"weiblich",8,7,9,4,3,1,2,3,1,4,4,3,0,2,0,4,0,5,0,6,0,3,3,2,2,2,4,"Ja",1,0,3,3,1,3,4,4,0.2,8,2.5,3.333333333333333,3.666666666666667,6,6,0.20856469909876507,0.7920864940422662
251,"gmvj2ajbeev401cr",3,"2024-01-09T14:42:21Z","C1",20,"männlich",2,2,2,4,4,4,2,2,1,2,3,3,0,2,1,3,1,4,1,4,1,4,4,1,2,4,2,"Ja",2,2,4,3,3,3,4,3,1.4,2,3.666666666666667,2.333333333333333,3.333333333333333,6,7,0.21604512447140659,0.8245200257520652
52,"3vevez05hhlusj0d",1,"2024-01-09T14:43:31Z","C1",22,"weiblich",3,3,1,1,1,0,1,0,2,2,2,2,2,1,2,2,3,2,3,5,2,5,5,1,1,0,0,"Ja",4,1,4,4,5,2,2,2,2.6,2.333333333333333,3.833333333333333,1.666666666666667,2,6,4,0.21189650363087226,0.8590786109871134
252,"663ta4e4zk3266f0",3,"2024-01-09T14:44:30Z","C1",20,"weiblich",7,7,9,3,1,1,3,3,2,4,4,3,1,3,1,3,1,5,1,4,0,4,4,2,2,4,2,"Ja",1,2,3,3,3,2,3,3,1,7.666666666666667,3.5,3.333333333333333,2.666666666666667,8,3,0.20483298269546357,0.9727290181268391
253,"6ho3cmrafkxgqw17",3,"2024-01-09T14:58:08Z","C2",25,"weiblich",9,8,9,1,1,1,2,2,3,2,4,2,2,1,2,3,1,5,1,5,2,3,4,3,2,3,2,"Ja",1,1,2,3,3,1,2,2,1.2,8.666666666666666,3,2.333333333333333,1.666666666666667,5,4,0.20104276008410552,0.9716343737608982
254,"ulxv6az1kvb2rvzu",3,"2024-01-09T15:00:15Z","C1",19,"weiblich",3,6,3,2,3,3,2,1,2,1,3,1,3,0,3,1,6,1,5,2,5,5,5,3,0,4,0,"Ja",5,4,2,5,5,2,1,1,5,4,4.333333333333333,1.333333333333333,1.333333333333333,2,4,0.19736716979001148,0.8418821620417343
255,"eh678ew9jzvalk79",3,"2024-01-09T15:07:04Z","C2",23,"männlich",1,4,3,3,1,0,1,1,0,0,2,4,2,3,3,3,4,5,5,2,2,4,4,4,3,3,2,"Ja",1,4,1,2,3,4,2,1,3.2,2.666666666666667,2.833333333333333,1.333333333333333,2.333333333333333,7,1,0.186996525656682,0.9136116534820711
256,"392q2xddgju1bksl",3,"2024-01-09T15:35:43Z","C1",22,"weiblich",10,10,10,4,4,4,1,0,2,1,0,0,0,0,0,4,0,5,0,6,0,5,5,0,0,5,0,"Ja",1,0,5,5,5,2,4,4,0.2,10,5,2,3.333333333333333,7,5,0.18650800349471927,0.9944743354955298
257,"nqkh8r1vps0ad0st",3,"2024-01-09T15:53:07Z","C2",21,"weiblich",6,3,6,1,2,3,2,2,1,2,3,2,2,1,1,3,4,4,3,3,2,3,3,4,3,3,4,"Ja",2,3,1,2,1,3,2,3,2.8,5,2.166666666666667,2.333333333333333,2.666666666666667,4,6,0.18910039943744142,0.9481303980673523
258,"pgnjmwh02obtoo76",3,"2024-01-09T17:02:03Z","C2",21,"weiblich",10,8,7,4,3,3,2,1,1,3,2,3,1,3,1,2,1,3,2,5,1,3,2,2,2,2,2,"Ja",3,1,3,3,3,3,3,3,1.6,8.333333333333334,2.666666666666667,2.333333333333333,3,3,7,0.1953039163727064,0.8640955329654603
53,"sn3au3nhbs4d2nzk",1,"2024-01-09T17:17:14Z","C2",20,"weiblich",7,4,5,3,2,1,0,1,1,1,3,2,4,4,2,2,5,0,6,1,4,4,3,0,2,3,1,"Ja",6,5,5,3,4,3,0,2,5.2,5.333333333333333,3.666666666666667,1,1.666666666666667,5,5,0.19480832395222525,0.863042370257353
259,"kajly5nzqcgutdbq",3,"2024-01-09T17:25:58Z","C1",21,"weiblich",4,4,4,3,3,1,3,3,0,4,4,3,0,2,0,4,0,6,0,6,0,3,3,2,1,1,1,"Ja",0,0,3,4,4,4,4,4,0,4,3,3.666666666666667,4,4,6,0.1976221864173986,0.8255525972933979
260,"8xpo4dm1tyhtenaa",3,"2024-01-09T19:48:01Z","C2",20,"weiblich",7,7,5,3,4,2,3,3,3,1,3,3,1,3,3,3,3,1,4,5,0,3,4,3,1,1,1,"Ja",5,1,2,4,4,1,3,1,2.6,6.333333333333333,3,2.333333333333333,1.666666666666667,5,5,0.1971277653506192,0.8245173344893976
171,"0p0720593y3hx8yo",2,"2024-01-09T20:04:00Z","C2",21,"männlich",5,2,4,2,2,2,2,3,1,3,4,2,2,2,4,3,3,3,6,5,5,4,3,4,0,4,4,"Ja",3,1,1,5,1,3,2,0,3.6,3.666666666666667,3,2.666666666666667,1.666666666666667,6,4,0.19363169189601448,0.8583510162535509
54,"plta1rms3nlzf8u7",1,"2024-01-09T20:20:30Z","C1",20,"weiblich",5,2,4,3,2,3,3,2,0,3,2,0,0,2,0,4,2,2,1,0,1,2,2,5,4,2,1,"Ja",4,6,0,1,4,4,4,4,2.8,3.666666666666667,1.833333333333333,3.333333333333333,4,6,7,0.2001302784798664,0.8943751578852439
261,"5v7aqmywnhulsm2s",3,"2024-01-09T20:27:49Z","C2",20,"weiblich",5,5,4,2,3,3,3,2,1,2,1,1,0,2,0,4,2,1,3,4,1,3,2,5,4,2,3,"Ja",5,2,0,1,2,3,4,4,2.6,4.666666666666667,1.666666666666667,3,3.666666666666667,3,4,0.19652353334327874,0.8173590575348166
55,"zltzdcpl75t28f3o",1,"2024-01-09T20:34:52Z","C2",22,"weiblich",4,4,4,1,2,2,1,1,3,2,3,3,2,2,3,2,3,3,3,3,3,5,4,2,2,4,1,"Ja",3,3,3,3,4,1,2,1,3,4,3.833333333333333,1.666666666666667,1.333333333333333,5,3,0.19041324764193995,0.8163430867417477
172,"oxareo36tue46fme",2,"2024-01-09T21:07:46Z","C1",24,"männlich",7,6,7,1,1,1,0,1,2,3,1,4,2,4,3,2,6,0,6,0,0,1,1,1,5,2,4,"Ja",6,6,4,0,1,2,2,1,4.8,6.666666666666667,1.5,1.666666666666667,1.666666666666667,3,5,0.18994508933965834,0.7494172185458529
173,"zh8olzrnr0jvb3ke",2,"2024-01-09T21:43:17Z","C2",22,"männlich",6,5,6,4,4,4,3,2,1,3,4,2,1,2,1,3,3,5,2,5,1,1,2,3,3,1,3,"Ja",1,1,2,2,2,3,3,3,1.6,5.666666666666667,1.666666666666667,3,3,6,2,0.18203984118961725,0.7784897813130541
56,"32b2nz8n8v4bwnso",1,"2024-01-10T06:22:47Z","C2",29,"weiblich",3,3,4,1,1,2,3,3,3,2,4,2,2,3,2,3,4,2,5,3,2,2,3,1,2,3,1,"Ja",4,3,4,3,4,1,2,2,3.6,3.333333333333333,3.166666666666667,2.666666666666667,1.666666666666667,4,6,0.18453329550461003,0.7464316617605854
262,"6up5q9dglcce8vpa",3,"2024-01-10T06:26:18Z","C1",33,"weiblich",7,8,8,3,4,2,1,2,4,4,3,2,0,3,0,0,1,4,1,4,0,1,1,2,4,1,3,"Ja",2,2,3,1,2,0,4,4,1.2,7.666666666666667,1.5,1.666666666666667,2.666666666666667,5,2,0.17709359867804167,0.7454557847071347
174,"xc8g1yoggfkntg9q",2,"2024-01-10T07:14:16Z","C2",25,"weiblich",0,0,0,4,0,0,0,0,2,1,4,2,2,1,4,1,6,0,6,0,0,4,4,1,2,4,0,"Ja",6,6,4,3,5,2,2,0,4.8,0,4,0.666666666666667,1.333333333333333,5,3,0.17208059261188657,0.7444844064243438
175,"1r6b80m3l0fgfafy",2,"2024-01-10T07:17:38Z","C1",25,"weiblich",10,10,10,4,4,4,3,2,1,4,4,4,1,2,1,4,0,6,1,5,0,2,1,4,5,1,4,"Ja",0,1,1,0,1,3,3,3,0.4,10,1,3.666666666666667,3,6,5,0.17166106910988604,0.7734006851749069
176,"jkfeurk7s69u4cw3",2,"2024-01-10T08:40:20Z","C2",27,"weiblich",8,8,10,1,1,2,2,2,0,4,4,3,0,3,0,4,1,5,0,3,0,1,3,2,2,0,2,"Ja",1,3,3,3,3,4,4,4,1,8.666666666666666,2.166666666666667,3.333333333333333,4,8,4,0.16893026976306239,0.8686414080810454
263,"3e2ad179ur3n2ljl",3,"2024-01-10T09:00:41Z","C2",23,"weiblich",9,3,9,4,4,4,4,3,4,3,3,4,1,1,4,4,6,6,1,4,1,4,4,4,2,4,1,"Ja",0,2,1,3,4,0,3,0,2,7,3.333333333333333,3.666666666666667,1,7,6,0.1710847511520685,0.9428653584989313
264,"p1wmhan0ycl3quny",3,"2024-01-10T09:03:00Z","C2",23,"weiblich",5,3,3,4,3,1,3,0,1,3,2,4,0,4,1,1,5,1,5,2,5,5,5,2,2,3,2,"Ja",5,4,3,3,3,3,4,3,4.8,3.666666666666667,3.666666666666667,2.333333333333333,3.333333333333333,5,5,0.1706740558582068,0.9418555507019414
265,"fv4st9f254t8t254",3,"2024-01-10T09:07:13Z","C1",26,"männlich",6,7,8,3,2,3,3,3,1,3,3,3,0,3,1,4,3,4,2,3,1,3,2,2,4,4,3,"Ja",2,3,3,1,2,3,4,3,2.2,7,2.5,3.333333333333333,3.333333333333333,7,5,0.17026638734776148,1.0254453782201078
57,"uhfrfpk9x44fz6rd",1,"2024-01-10T09:48:21Z","C2",29,"weiblich",8,5,7,3,3,3,3,3,2,3,2,1,2,3,2,2,5,1,5,0,6,3,2,2,2,3,2,"Ja",5,6,3,3,3,2,2,2,5.4,6.666666666666667,2.833333333333333,2.666666666666667,2,8,5,0.16986170789005223,1.1674510170561307
177,"mo4a40h34vv79z01",2,"2024-01-10T10:32:48Z","C1",27,"männlich",4,2,3,1,2,0,2,3,1,3,3,2,1,3,0,3,4,2,4,1,3,1,4,3,1,1,1,"Ja",4,5,2,4,4,3,3,4,4,3,2.666666666666667,2.666666666666667,3.333333333333333,7,6,0.17207051059926992,1.280572144276314
266,"ch5pa8efa2s73e8y",3,"2024-01-10T12:23:07Z","C1",22,"männlich",9,6,9,4,3,2,1,2,0,2,4,2,0,4,2,3,0,5,1,6,0,3,4,4,2,5,3,"Ja",1,0,1,3,2,4,4,2,0.4,8,3,2,3.333333333333333,7,4,0.16931119304487205,1.4094039997895629
267,"8l5n2t46oln1br8q",3,"2024-01-10T13:57:33Z","C2",21,"weiblich",7,6,8,3,2,2,3,2,2,2,4,3,1,3,1,3,1,4,2,4,1,4,4,3,3,4,4,"Ja",2,2,2,2,1,2,3,3,1.6,7,2.833333333333333,2.666666666666667,2.666666666666667,6,4,0.16662710082084553,1.482633731634344
268,"0jw3nf16q48h3z1b",3,"2024-01-10T13:57:39Z","C1",21,"männlich",8,10,9,4,3,1,3,1,1,4,4,4,3,3,1,3,1,5,2,5,0,4,4,2,2,5,4,"Ja",1,1,3,3,1,3,1,3,1,9,3.333333333333333,3.333333333333333,2.333333333333333,3,4,0.16401448200620078,1.3256877138195042
269,"ckujebfmq6ltb7nf",3,"2024-01-10T15:34:14Z","C1",21,"weiblich",6,6,7,3,3,2,3,2,1,3,3,2,0,4,0,4,2,5,1,4,0,2,3,3,2,3,2,"Ja",1,2,2,3,3,3,4,4,1.2,6.333333333333333,2.666666666666667,3.333333333333333,3.666666666666667,3,6,0.1660972096579247,1.1923277773763272
178,"pchcgl0jspuwt4zw",2,"2024-01-10T15:52:10Z","C1",32,"männlich",4,6,7,3,4,3,4,2,1,3,4,3,1,4,1,4,4,4,1,3,0,1,4,5,4,3,2,"Ja",2,3,0,1,3,3,3,3,2,5.666666666666667,2,3.666666666666667,3,6,6,0.1682361199245844,1.249406802839428
270,"eqngpzq2257udpj1",3,"2024-01-10T16:30:09Z","C1",22,"weiblich",8,8,8,4,2,4,3,3,3,3,3,2,1,2,3,4,4,4,0,4,0,2,2,1,3,1,3,"Ja",2,2,4,2,2,1,3,1,1.6,8,2.166666666666667,3.333333333333333,1.666666666666667,3,7,0.17333103241102155,1.1273064751078619
179,"pz9wzde4ezqg4nze",2,"2024-01-10T18:42:34Z","C2",22,"männlich",2,5,2,4,4,2,3,3,2,3,4,3,1,3,2,3,1,4,1,3,1,3,2,2,5,2,1,"Ja",2,3,3,0,4,2,3,2,1.6,3,2.333333333333333,3,2.333333333333333,3,6,0.17565357574884424,1.022450892235515
271,"c5fvl5xnord1xn78",3,"2024-01-10T19:01:22Z","C1",30,"weiblich",6,7,6,3,2,2,2,2,1,4,3,3,1,2,1,4,5,4,0,4,0,4,3,4,0,4,2,"Ja",2,2,1,5,3,3,3,3,1.8,6.333333333333333,3.333333333333333,3.333333333333333,3,7,8,0.1845769443772018,1.1141627957802558
58,"skunqs918puvqf1q",1,"2024-01-10T20:48:20Z","C1",29,"männlich",4,4,3,2,1,0,0,2,3,1,3,1,1,3,3,2,2,2,1,4,2,2,3,2,3,2,2,"Ja",4,2,3,2,3,1,3,1,2.2,3.666666666666667,2.5,1,1.666666666666667,5,3,0.17910162739210778,1.1131689135075078
180,"o7jp20k4u9s6whx1",2,"2024-01-10T21:28:58Z","C2",20,"männlich",4,2,2,4,4,4,3,3,1,3,4,4,1,4,1,4,2,1,1,2,2,4,4,2,1,5,1,"Ja",5,4,3,4,4,3,3,3,2.8,2.666666666666667,4,3.333333333333333,3,5,4,0.17616657143102674,1.112177869568695
272,"37fbhu5hw1rmaej1",3,"2024-01-11T07:02:35Z","C2",20,"weiblich",7,8,8,4,4,2,2,2,1,3,4,1,1,2,0,4,2,4,1,4,0,2,2,4,3,2,3,"Ja",2,2,1,2,2,3,3,4,1.4,7.666666666666667,1.833333333333333,3,3.333333333333333,6,7,0.181634626549718,1.1633994996128854
59,"o8wavqrjv483p4yu",1,"2024-01-11T10:03:59Z","C1",19,"weiblich",3,2,3,2,1,1,2,1,3,1,4,4,2,3,3,1,5,4,1,4,1,0,0,4,5,1,5,"Ja",2,2,1,0,0,1,2,1,2.2,2.666666666666667,0.333333333333333,1.333333333333333,1.333333333333333,7,6,0.18416444948778732,1.274009260994222
181,"p99ut1b2gpleb9wq",2,"2024-01-11T11:10:42Z","C2",27,"männlich",8,7,9,4,3,2,3,2,1,2,4,1,2,2,1,3,2,4,0,3,0,1,3,2,3,2,2,"Ja",2,3,3,2,3,3,2,3,1.4,8,2.333333333333333,2.666666666666667,2.666666666666667,6,7,0.19005055171376942,1.3363236181427431
61,"u24dbmoma0glse1n",1,"2024-01-11T11:21:07Z","C2",24,"männlich",8,6,4,1,1,1,3,4,1,3,4,3,0,4,3,4,3,5,2,5,0,0,1,2,2,3,2,"Ja",1,1,3,3,3,3,4,1,1.4,6,2.166666666666667,3.333333333333333,2.666666666666667,6,5,0.18964315706218635,1.4031038547472134
62,"cw98qk251su5of06",1,"2024-01-11T11:28:51Z","C2",20,"männlich",6,6,6,3,4,3,2,3,3,4,2,3,1,2,2,2,3,5,4,0,1,5,4,0,0,5,0,"Ja",1,6,5,5,5,1,3,2,3,6,4.833333333333333,2.666666666666667,2,7,5,0.18923845908960257,1.547200316102584
63,"m5qovrb1g9r0kgln",1,"2024-01-11T11:30:45Z","C2",33,"weiblich",8,8,8,4,4,4,4,4,2,3,1,0,2,1,1,0,5,1,5,0,6,5,5,5,3,5,1,"Ja",5,6,0,2,4,2,2,3,5.4,8,3.5,2.333333333333333,2.333333333333333,4,5,0.188836427481111,1.4639685356206076
64,"csm4g7efam7nlobv",1,"2024-01-11T11:37:34Z","C2",20,"männlich",7,7,7,4,1,1,4,1,2,2,2,0,4,1,3,2,6,1,6,3,2,5,5,0,0,5,0,"Ja",5,3,5,5,5,2,0,1,4.4,7,5,2.666666666666667,1,5,3,0.18313182884473272,1.4629917134721735
65,"2hcobomzsvnl5lta",1,"2024-01-11T11:41:27Z","C1",40,"männlich",7,6,6,4,3,3,2,3,1,3,3,4,1,4,2,3,4,4,0,4,0,2,3,3,3,1,3,"Ja",2,2,2,2,2,3,3,2,1.6,6.333333333333333,2,2.666666666666667,2.666666666666667,7,6,0.18567411081301965,1.6155496485722494
66,"5whz1dvauyzpr94h",1,"2024-01-11T11:47:53Z","C1",1,"divers",5,5,5,2,2,2,2,2,2,2,2,2,2,2,2,2,3,3,3,3,3,1,1,1,1,2,1,"Ja",3,3,4,4,4,2,2,2,3,5,2.666666666666667,2,2,4,5,0.1852820048837081,1.5273351646769677
67,"7sz2hfpy66h01l0m",1,"2024-01-11T12:08:20Z","C1",58,"männlich",5,6,5,4,4,4,2,1,3,2,3,2,3,2,3,3,4,2,5,4,1,3,4,2,2,3,2,"Ja",4,2,3,3,3,1,1,1,3.2,5.333333333333333,3.166666666666667,2.333333333333333,1,4,6,0.18795331837134951,1.4457547858824733
68,"3424sypykwfqwcl6",1,"2024-01-11T12:40:52Z","C1",26,"männlich",3,5,6,1,1,0,0,1,3,2,3,4,3,1,4,3,4,5,1,1,0,4,4,1,2,4,1,"Ja",1,5,4,3,4,1,1,0,2.2,4.666666666666667,3.833333333333333,1.666666666666667,0.666666666666667,5,3,0.18228549582322404,1.4447829691342993
69,"qu3cdj2f148qv19k",1,"2024-01-11T12:48:10Z","C1",22,"männlich",5,7,5,3,1,1,1,2,3,3,3,1,1,2,1,3,2,3,3,2,0,3,3,2,1,3,2,"Ja",3,4,3,4,3,1,3,3,2.4,5.666666666666667,3.166666666666667,2.333333333333333,2.333333333333333,4,4,0.17924670020600647,1.3692313558240863
70,"0yrdxgccuzaz6luw",1,"2024-01-11T12:49:30Z","C1",19,"männlich",10,9,9,4,4,4,3,2,2,3,4,1,2,3,3,2,3,5,1,4,1,1,4,2,4,2,3,"Ja",1,2,3,1,2,2,2,1,1.6,9.333333333333334,2.166666666666667,2.666666666666667,1.666666666666667,5,3,0.17403058539574515,1.3682607421157338
71,"fhtb1z89lbww9plb",1,"2024-01-11T12:51:20Z","C2",24,"weiblich",0,0,0,4,4,0,0,0,4,0,4,2,4,4,4,0,6,0,6,0,6,5,5,0,0,5,0,"Ja",6,6,5,5,5,0,0,0,6,0,5,0,0,5,4,0.1712413154557018,1.3672919151903695
72,"y3td6p3ebxbo5eol",1,"2024-01-11T12:52:08Z","C1",39,"männlich",7,8,7,3,2,2,3,3,1,2,3,1,1,2,1,3,4,3,4,2,1,2,3,1,2,4,1,"Ja",3,4,4,3,4,3,3,3,3.2,7.333333333333333,3.333333333333333,2.666666666666667,3,4,8,0.17969812378757236,1.2972364233467126
73,"cw8u6proarrmklkv",1,"2024-01-11T12:59:27Z","C2",23,"männlich",5,5,6,3,0,0,3,1,1,2,2,1,1,3,1,3,4,3,6,3,5,3,3,4,4,2,2,"Ja",3,3,1,1,3,3,3,3,4.2,5.333333333333333,2.166666666666667,2.666666666666667,3,0,0,0.1692797774158885,0.9967994286447517
74,"o3r5ecr1a1ft5uxa",1,"2024-01-11T13:06:36Z","C2",35,"männlich",3,3,2,1,1,0,3,2,2,2,3,1,2,1,1,1,2,2,5,2,1,3,3,2,2,3,2,"Ja",4,4,3,3,3,2,2,3,3.2,2.666666666666667,3,2,2.333333333333333,6,5,0.16893030899662484,1.0393122642098702
75,"xp03wove4vw767bz",1,"2024-01-11T13:11:06Z","C2",23,"weiblich",5,5,5,4,3,3,1,1,3,2,4,2,3,1,3,2,4,3,3,2,3,4,4,3,1,5,0,"Ja",3,4,2,4,5,1,1,1,3.4,5,4,1.666666666666667,1,2,3,0.16435254964392298,0.9059391150633144
76,"87z3l8a4mfwzs7mc",1,"2024-01-11T13:11:52Z","C2",20,"männlich",9,8,9,4,4,4,4,3,3,4,3,3,4,4,4,3,1,0,1,0,0,1,2,0,1,1,2,"Ja",6,6,5,4,3,1,0,0,2.8,8.666666666666666,2.666666666666667,3.666666666666667,0.333333333333333,5,8,0.17196842779077365,0.9050388772510422
77,"mrmn58l4mqrw3crm",1,"2024-01-11T13:12:59Z","C2",58,"weiblich",3,6,4,1,2,0,3,2,1,3,4,3,1,0,1,3,3,6,1,3,0,3,2,4,3,3,4,"Ja",0,3,1,2,1,3,3,3,1.4,4.333333333333333,2,3,3,8,5,0.17161949711537305,1.0173967524641252
78,"9zfvrrosvgo4j1et",1,"2024-01-11T13:13:02Z","C2",59,"weiblich",10,8,10,4,4,4,3,3,1,4,4,2,1,3,1,3,1,6,5,5,0,1,1,4,5,1,3,"Ja",0,1,1,0,2,3,3,3,1.4,9.333333333333334,1,3.333333333333333,3,6,5,0.1712727399645125,1.0606576873006308
79,"um1ar1v7jywg8ut2",1,"2024-01-11T13:13:20Z","C1",39,"weiblich",4,4,6,3,2,0,2,2,1,2,4,2,1,4,1,3,6,5,3,0,3,4,4,2,2,2,2,"Ja",1,6,3,3,3,3,3,3,3.8,4.666666666666667,3.166666666666667,2.333333333333333,3,4,3,0.16658999719588938,1.0135214320042736
80,"vrhxuoz78tkhc47a",1,"2024-01-11T13:19:40Z","C1",31,"männlich",7,9,8,4,3,3,4,4,0,4,4,1,0,3,1,4,0,5,1,5,0,3,3,1,2,3,1,"Ja",1,1,4,3,4,4,4,3,0.6,8,3.333333333333333,4,3.666666666666667,7,5,0.16625446248532993,1.1008188458430415
81,"8qvy9k8f8n7rxtmm",1,"2024-01-11T13:22:18Z","C2",30,"männlich",6,7,7,1,2,1,1,2,2,3,4,1,2,4,3,3,5,4,4,2,3,4,4,1,1,4,1,"Ja",2,4,4,4,4,2,2,1,3.6,6.666666666666667,4,2.333333333333333,1.666666666666667,5,7,0.1710412256070505,1.0998906732713456
82,"kpmkv6jvozf4knsv",1,"2024-01-11T13:29:34Z","C2",18,"männlich",2,3,0,4,4,1,0,1,2,0,2,1,1,3,4,2,4,1,1,3,0,1,3,3,2,2,1,"Ja",5,3,2,3,4,2,3,0,2.6,1.666666666666667,2.5,0.666666666666667,1.666666666666667,8,7,0.17606664914558537,1.2473166311711577
83,"u25tkyg0nvqcfyt2",1,"2024-01-11T13:32:12Z","C2",30,"männlich",6,7,7,4,4,4,1,2,3,1,4,1,3,2,3,2,4,3,4,2,3,5,5,2,2,5,2,"Ja",3,4,3,3,3,1,1,1,3.6,6.666666666666667,4,1.333333333333333,1,3,5,0.17572067619331525,1.13174481812927
84,"xfak89q9d8sgcuqu",1,"2024-01-11T13:37:09Z","C2",33,"weiblich",7,4,5,3,1,3,2,3,2,2,3,3,3,3,2,3,4,3,4,2,3,2,3,3,2,2,2,"Ja",3,4,2,3,3,2,1,2,3.6,5.333333333333333,2.5,2.333333333333333,1.666666666666667,5,5,0.17537680096249375,1.1308190365959063
85,"bmxrv7b4q1b0ouf5",1,"2024-01-11T13:38:06Z","C1",28,"weiblich",10,10,10,4,4,4,3,1,2,2,4,2,1,3,1,3,5,1,4,2,0,5,5,0,0,5,2,"Ja",5,4,5,5,3,2,3,3,3.6,10,4.666666666666667,2.666666666666667,2.666666666666667,6,7,0.18061390819186704,1.1808812988925836
86,"roac67txdaw5j8g2",1,"2024-01-11T13:46:53Z","C1",35,"männlich",8,9,7,2,1,0,0,3,1,3,4,0,3,2,3,4,2,4,2,1,4,5,4,1,0,0,1,"Ja",2,5,4,5,4,3,1,1,3,8,3.666666666666667,2.333333333333333,1.666666666666667,5,4,0.17776509216081368,1.1799534364933744
87,"7zrund5br39xh56h",1,"2024-01-11T14:01:26Z","C1",49,"weiblich",6,6,7,3,3,3,3,2,3,3,3,2,2,3,2,2,2,3,3,4,2,2,2,3,3,2,2,"Ja",3,2,2,2,3,1,2,2,2.4,6.333333333333333,2.166666666666667,2.666666666666667,1.666666666666667,3,5,0.1774213878017447,1.0732575180840094
88,"xbbl2wnet045zgkq",1,"2024-01-11T14:01:51Z","C2",27,"männlich",8,8,9,4,4,3,3,3,2,3,3,2,3,2,2,2,2,5,2,3,1,4,3,5,3,2,3,"Ja",1,3,0,2,2,2,1,2,1.8,8.333333333333334,2.166666666666667,2.666666666666667,1.666666666666667,4,2,0.17044192600119823,1.025822002387504
89,"14rtgpavl6dqfwp9",1,"2024-01-11T14:07:20Z","C2",41,"weiblich",8,6,7,1,1,1,3,2,0,3,3,1,0,2,0,4,5,4,0,3,0,5,5,4,2,3,3,"Ja",2,3,1,3,2,4,4,4,2,7,3.166666666666667,3.333333333333333,4,3,6,0.17264060478108878,0.9388723338185643
90,"xa331614he0qf61c",1,"2024-01-11T14:47:51Z","C2",26,"männlich",5,5,5,2,1,1,2,2,0,3,3,1,0,4,3,2,1,5,4,5,1,5,5,1,2,1,2,"Ja",1,1,4,3,3,4,4,1,1.6,5,3.5,2.333333333333333,3,6,6,0.17489900545646672,0.9768361257798791
91,"1g7uotnbnv9hnfbo",1,"2024-01-11T17:35:31Z","C1",31,"männlich",5,5,5,2,0,0,2,4,1,3,4,1,1,1,1,1,2,3,1,2,0,3,3,1,3,3,2,"Ja",3,4,4,2,3,3,3,3,2,5,3,2,3,6,4,0.17217159234133875,1.0171083108520642
92,"ayxbydq2mhq6t29r",1,"2024-01-11T17:51:30Z","C1",48,"männlich",7,7,7,4,4,3,2,1,3,2,3,4,3,2,1,3,4,4,1,4,0,2,2,3,3,2,3,"Ja",2,2,2,2,2,1,1,3,1.8,7,2,2.333333333333333,1.666666666666667,4,6,0.1744260872507563,0.9732806754771159
182,"fru02av4j7t2bz7s",2,"2024-01-11T19:59:34Z","C1",20,"weiblich",7,4,8,4,4,4,2,1,2,3,4,2,1,1,0,4,6,4,2,2,0,4,4,3,2,3,2,"Ja",2,4,2,3,3,2,3,4,2.8,6.333333333333333,3.166666666666667,3,3,6,7,0.17962664203236467,1.0133591453219921
273,"vx7g24tgosmoryqa",3,"2024-01-11T19:59:52Z","C2",23,"weiblich",3,3,4,2,0,0,2,1,1,2,4,4,1,2,1,3,1,3,3,4,0,3,3,3,3,3,2,"Ja",3,2,2,2,3,3,3,3,1.8,3.333333333333333,2.666666666666667,2.333333333333333,3,6,6,0.18206482824219813,1.0559040584676211
93,"63vk6xp2b285bsuz",1,"2024-01-11T21:04:26Z","C1",30,"divers",5,5,5,2,1,0,1,1,3,0,3,2,2,0,3,1,4,2,3,2,4,4,4,3,2,4,1,"Ja",4,4,2,3,4,1,2,1,3.8,5,3.5,0.666666666666667,1.333333333333333,7,5,0.18172802554201037,1.1474595191618486
183,"n6519aean44023xe",2,"2024-01-11T22:32:48Z","C1",19,"weiblich",6,7,7,3,1,1,3,3,1,3,4,3,1,3,1,4,4,5,4,3,2,4,4,1,0,4,1,"Ja",1,3,4,5,4,3,3,3,2.8,6.666666666666667,4.166666666666667,3.333333333333333,3,2,4,0.17881563700482372,0.9973060849248445
184,"u8b7lfw11l6oqt4n",2,"2024-01-11T23:41:03Z","C2",31,"weiblich",3,4,4,2,1,1,3,2,1,2,2,1,1,3,2,1,5,3,4,4,2,2,2,4,3,2,3,"Ja",3,2,1,2,2,3,3,2,3.2,3.666666666666667,1.833333333333333,2,2.666666666666667,4,3,0.17373403066560633,0.9550491718291337
94,"lmtr9q314z33g5jt",1,"2024-01-12T04:32:35Z","C1",22,"weiblich",4,4,4,1,1,1,3,2,0,3,0,4,1,3,0,4,6,4,1,0,0,5,5,0,0,5,0,"Ja",2,6,5,5,5,4,3,4,3,4,5,3.333333333333333,3.666666666666667,7,5,0.17341324911512052,1.0335635354555393
185,"2xh031h9u5sgvpxk",2,"2024-01-12T05:44:30Z","C1",36,"weiblich",6,5,6,4,4,3,3,2,1,4,3,2,1,2,1,4,5,4,0,5,0,2,2,3,3,2,4,"Ja",2,1,2,2,1,3,3,3,1.6,5.666666666666667,1.833333333333333,3.666666666666667,3,7,5,0.1730943039790459,1.1213772466126437
95,"eyzr459x03q0leoh",1,"2024-01-12T06:40:01Z","C1",36,"weiblich",5,7,5,1,0,0,2,1,3,3,4,0,2,3,2,3,5,2,4,5,0,3,3,2,2,3,2,"Ja",4,1,3,3,3,1,2,2,2.8,5.666666666666667,3,2.666666666666667,1.666666666666667,4,5,0.1727771755490548,1.0716195940182576
96,"jwjt9vb23f3mp27p",1,"2024-01-12T07:46:42Z","C1",46,"weiblich",7,6,6,3,3,1,2,1,3,2,3,4,1,0,1,3,6,1,6,1,6,4,4,2,2,4,2,"Ja",5,5,3,3,3,1,3,3,5.6,6.333333333333333,3.5,2.333333333333333,2.333333333333333,7,2,0.1660908173810364,1.1639226522183674
97,"jmyzfaoscb3o10bn",1,"2024-01-12T07:48:54Z","C1",42,"weiblich",8,8,7,4,4,4,4,3,2,3,3,4,2,0,1,3,5,3,4,3,5,2,2,3,3,2,3,"Ja",3,3,2,2,2,2,2,3,4,7.666666666666667,2,3.333333333333333,2.333333333333333,4,5,0.1657867434316683,1.1115787415386864
186,"tdothj9xpeu1snza",2,"2024-01-12T10:23:29Z","C2",27,"weiblich",6,8,5,2,1,1,1,2,2,1,3,1,0,0,1,4,4,3,4,2,1,4,5,2,0,5,1,"Ja",3,4,3,5,4,2,4,3,3.2,6.333333333333333,4.333333333333333,2,3,4,6,0.1679028994855926,1.062538961231143
187,"9e8cuhgvg98uow7h",2,"2024-01-12T10:56:28Z","C2",32,"männlich",5,3,7,4,2,1,3,2,1,3,4,2,1,3,1,3,1,4,1,4,0,3,3,1,3,3,1,"Ja",2,2,4,2,4,3,3,3,1.2,5,3.166666666666667,3,3,4,8,0.17574327261686917,1.0165482967252546
188,"xo79hsdh2do5720d",2,"2024-01-12T11:44:20Z","C1",29,"weiblich",7,7,7,3,3,2,3,2,1,3,4,3,1,2,1,3,2,2,3,4,1,1,1,3,2,1,2,"Ja",4,2,2,3,3,3,3,3,2.4,7,1.833333333333333,3,3,3,5,0.1754291227155938,0.932072101757249
189,"q5xnxgnrnmrz8m0q",2,"2024-01-12T13:08:10Z","C2",28,"weiblich",2,2,2,4,4,1,3,3,1,3,4,2,1,3,0,4,1,4,3,4,1,2,3,2,1,3,2,"Ja",2,2,3,4,3,3,3,4,1.8,2,3,3.333333333333333,3.333333333333333,4,5,0.17511669693161294,0.8940526911368313
190,"h09uvy9y6kedntjt",2,"2024-01-12T13:24:35Z","C1",29,"weiblich",6,5,6,2,3,2,3,3,3,2,3,1,1,2,1,2,6,2,5,2,3,4,3,1,1,1,1,"Ja",4,4,4,4,4,1,3,3,4.4,5.666666666666667,3.333333333333333,2.333333333333333,2.333333333333333,3,6,0.17746136147872807,0.8241650751661297
191,"zw9rau07d1twt420",2,"2024-01-12T14:27:46Z","C1",22,"weiblich",5,3,6,3,2,2,3,0,4,2,4,3,1,3,3,3,5,1,2,2,2,3,3,5,5,4,5,"Ja",5,4,0,0,0,0,3,1,3.6,4.666666666666667,1.666666666666667,2.666666666666667,1.333333333333333,7,7,0.18283560979804536,0.8868617890448488
274,"69bn6v0uzu1wlwz8",3,"2024-01-12T14:44:47Z","C2",21,"weiblich",8,6,4,2,2,3,1,2,0,3,4,3,1,2,2,4,1,4,2,6,1,5,5,3,1,4,2,"Ja",2,0,2,4,3,4,3,2,1.2,6,3.833333333333333,2.666666666666667,3,6,7,0.1884869821455815,0.9211031574634403
98,"zpzosyrjjmqbrku9",1,"2024-01-12T14:48:59Z","C2",45,"weiblich",7,10,10,4,3,0,2,2,2,3,3,2,1,2,1,4,2,2,0,3,0,5,5,2,1,4,2,"Ja",4,3,3,4,3,2,3,3,1.8,9,4,3,2.666666666666667,4,6,0.19117061470493552,0.8838769592809086
275,"b40t0h58z6xzppn1",3,"2024-01-12T15:17:09Z","C1",22,"weiblich",5,6,4,4,4,2,2,3,1,2,2,1,1,0,0,4,5,4,4,1,2,5,5,3,0,0,0,"Ja",2,5,2,5,5,3,3,4,3.6,5,3.666666666666667,2.666666666666667,3.333333333333333,6,3,0.18543487474054665,0.917967948209497
99,"do7knzv8vppwd4m8",1,"2024-01-12T15:56:29Z","C1",47,"männlich",7,8,6,3,4,4,3,3,1,3,3,4,1,2,1,2,4,4,1,5,0,3,3,2,3,2,2,"Ja",2,1,3,2,3,3,3,3,1.6,7,2.666666666666667,2.666666666666667,3,4,3,0.18001148595880687,0.8809133122431732
276,"6wp1ltfetmh2hbfa",3,"2024-01-12T16:15:45Z","C1",47,"weiblich",6,6,6,4,4,4,3,4,0,3,4,1,0,3,0,3,3,4,2,3,0,3,3,3,3,3,2,"Ja",2,3,2,2,3,4,4,4,2,6,2.666666666666667,3,4,5,4,0.1771709130555061,0.8801124743436977
100,"etn7hk6rdm0xlmhu",1,"2024-01-12T16:34:34Z","C2",23,"weiblich",5,5,7,2,2,2,4,3,1,4,4,4,0,2,0,4,4,2,2,4,0,2,2,3,3,2,3,"Ja",4,2,2,2,2,3,4,4,2.4,5.666666666666667,2,4,3.666666666666667,4,4,0.17440531155275116,0.8452143573742411
277,"tt4l9tnmzyjtaywy",3,"2024-01-12T16:38:25Z","C2",23,"weiblich",5,3,5,2,1,1,4,3,0,4,4,4,0,0,0,4,2,0,0,2,0,2,2,3,3,2,3,"Ja",6,4,2,2,2,4,4,4,2.4,4.333333333333333,2,4,4,5,6,0.17673298493602518,0.8444300184738142
101,"crqbqjbane9rk8aj",1,"2024-01-12T20:16:52Z","C2",31,"männlich",8,3,5,4,4,4,3,2,2,2,3,3,2,3,1,3,2,2,4,3,2,4,3,2,2,3,2,"Ja",4,3,3,3,3,2,2,3,3,5.333333333333333,3.166666666666667,2.666666666666667,2.333333333333333,3,3,0.1717539770731645,0.7802585842039499
102,"6h6jfyuz5j3kqq27",1,"2024-01-13T11:17:55Z","C2",27,"männlich",5,5,5,0,0,0,0,1,2,1,4,4,2,4,3,0,3,3,5,6,5,0,0,5,5,0,5,"Ja",3,0,0,0,0,2,2,1,3.2,5,0,0.333333333333333,1.666666666666667,4,7,0.1768051319636637,0.7510180218254613
192,"yjosgl29mms6fuv4",2,"2024-01-13T12:46:43Z","C1",17,"weiblich",4,6,3,2,3,2,4,3,3,2,3,2,2,1,4,4,2,3,1,3,5,3,3,2,4,1,3,"Ja",3,3,3,1,2,1,2,0,2.8,4.333333333333333,2.166666666666667,3.333333333333333,1,5,3,0.17183391105496248,0.7502765437809384
193,"w49252qafkso4xd2",2,"2024-01-13T13:21:27Z","C1",22,"weiblich",3,2,5,3,1,2,1,1,2,1,2,3,3,3,1,0,4,3,4,2,2,4,3,3,1,4,1,"Ja",3,4,2,4,4,2,1,3,3.4,3.333333333333333,3.5,0.666666666666667,2,6,6,0.17409220899315586,0.7770187477615275
103,"o7rgto7cgssutlzp",1,"2024-01-13T13:23:10Z","C1",35,"männlich",10,10,10,4,4,4,4,4,4,4,4,1,0,4,2,4,0,6,0,6,0,1,1,1,5,0,5,"Ja",0,0,4,0,0,0,4,2,0,10,1,4,2,6,1,0.1655985144985557,0.8052200124483357
104,"8lgssk4qgg6yaazy",1,"2024-01-13T13:24:09Z","C1",35,"weiblich",3,7,3,3,3,3,3,3,2,3,4,2,1,3,0,4,1,5,1,5,1,2,2,3,2,2,3,"Ja",1,1,2,3,2,2,3,4,1,4.333333333333333,2.166666666666667,3.333333333333333,3,4,3,0.161223046329624,0.77455225160967
278,"8870exd90usrw6v0",3,"2024-01-13T15:25:52Z","C1",57,"weiblich",7,10,10,2,0,0,3,2,4,4,4,0,2,4,2,4,2,3,6,6,0,5,5,3,3,0,3,"Ja",3,0,2,2,2,0,2,2,2.2,9,2.666666666666667,3.666666666666667,1.333333333333333,5,5,0.16094897372720202,0.7738096388414463
279,"ymmsee5ztpjlne9p",3,"2024-01-13T15:41:24Z","C2",43,"weiblich",7,7,7,0,0,0,3,4,4,2,2,0,3,4,2,2,2,2,3,3,0,0,0,0,4,0,0,"Ja",4,3,5,1,5,0,1,2,2.4,7,1.833333333333333,2.333333333333333,1,5,4,0.15863290548700013,0.7730694291435112
280,"fws2ppx8x2r2k46v",3,"2024-01-13T17:22:38Z","C1",67,"männlich",10,8,9,4,4,4,3,3,2,2,4,3,1,1,1,4,0,4,0,6,0,2,2,4,4,4,4,"Ja",2,0,1,1,1,2,3,3,0.4,9,1.833333333333333,3,2.666666666666667,4,3,0.15458260398057225,0.744121963789565
2,"ecjlbmrgbeg6k06v",NA,"2024-01-13T18:19:49Z","C1",28,"weiblich",4,2,2,1,3,3,1,1,2,3,3,3,2,1,3,3,3,3,2,4,5,3,1,4,3,4,3,"Ja",3,2,1,2,2,2,2,1,3,2.666666666666667,2.166666666666667,2.333333333333333,1.666666666666667,6,6,0.1564172695843115,0.7706308037956944
281,"mfdwh34xarjwktnx",3,"2024-01-14T05:32:56Z","C1",24,"divers",6,8,9,3,3,3,2,1,1,2,3,4,1,1,1,2,5,2,2,3,5,4,3,5,3,3,4,"Ja",4,3,0,2,1,3,3,3,3.8,7.666666666666667,2.166666666666667,2,3,5,3,0.15247196123580511,0.769898111745979
282,"yqu1n201b9k2kvxy",3,"2024-01-14T09:47:50Z","C1",28,"männlich",7,6,7,3,4,2,3,2,1,3,3,4,1,1,2,3,2,4,1,5,1,3,3,4,1,1,2,"Ja",2,1,1,4,3,3,3,2,1.4,6.666666666666667,2.5,3,2.666666666666667,2,4,0.15036674072233774,0.6873684785738221
283,"ed0f0upqxes1k5wq",3,"2024-01-14T18:07:15Z","C1",23,"männlich",4,5,5,3,3,1,3,1,3,1,3,2,4,2,3,3,5,2,4,1,5,3,5,3,1,1,4,"Ja",4,5,2,4,1,1,0,1,4.6,4.666666666666667,2.666666666666667,2.333333333333333,0.666666666666667,7,7,0.1543051278803136,0.7352738381397855
285,"7g70kddyku2gx35l",3,"2024-01-14T21:35:35Z","C1",28,"weiblich",2,3,3,4,4,4,3,4,1,4,4,2,0,2,0,4,4,6,2,3,0,5,5,1,1,1,4,"Ja",0,3,4,4,1,3,4,4,1.8,2.666666666666667,3.333333333333333,3.666666666666667,3.666666666666667,6,5,0.15404762941185735,0.7611382392756885
299,"goolosnlaavhguuj",3,"2024-01-14T22:18:45Z","C1",29,"männlich",4,3,1,1,3,1,3,0,1,2,3,3,0,1,0,2,5,1,4,2,4,4,4,4,1,1,2,"Ja",5,4,1,4,3,3,4,4,4.4,2.666666666666667,2.833333333333333,2.333333333333333,3.666666666666667,4,7,0.15816083485378643,0.7330220824308836
303,"1oeg9zjzq1kxu3qp",3,"2024-01-15T10:39:46Z","C1",30,"männlich",6,8,5,4,4,4,0,3,2,1,1,3,0,0,1,0,4,2,6,1,0,5,5,0,0,5,1,"Ja",4,5,5,5,4,2,4,3,3.8,6.333333333333333,4.833333333333333,0.333333333333333,3,5,6,0.16007987089042328,0.73231534264345
194,"pgblvsej9n64zzc2",2,"2024-01-15T10:48:18Z","C1",20,"divers",6,6,7,3,1,2,3,1,1,3,2,2,1,2,0,3,2,5,1,1,1,4,4,1,3,4,2,"Ja",1,5,4,2,3,3,3,4,2,6.333333333333333,3.5,3,3.333333333333333,4,5,0.1598174371967342,0.7057234744843688
195,"boedvpg3xl2lo7s3",2,"2024-01-15T15:35:57Z","C2",18,"weiblich",3,7,5,2,1,3,4,1,1,3,1,2,4,3,0,4,5,1,5,1,2,3,4,2,2,4,2,"Ja",5,5,3,3,3,3,0,4,4.4,5,3.333333333333333,3.666666666666667,2.333333333333333,1,6,0.1617817824980134,0.6116489388723616
196,"qarrn1c50o71mv0n",2,"2024-01-15T19:57:47Z","C1",23,"männlich",9,9,7,3,2,2,3,3,1,4,4,1,0,3,0,4,3,3,0,5,0,3,3,4,3,5,3,"Ja",3,1,1,2,2,3,4,4,1.4,8.333333333333334,2.666666666666667,3.666666666666667,3.666666666666667,4,4,0.15944714881444222,0.5915159071790607
197,"j5kxdjju4edbeyod",2,"2024-01-15T22:42:35Z","C2",21,"weiblich",8,8,6,3,4,3,4,3,0,4,4,3,0,4,0,4,0,4,0,3,0,4,2,3,2,2,3,"Ja",2,3,2,3,2,4,4,4,1,7.333333333333333,2.5,4,4,5,5,0.15918842580375903,0.5908865099803077
304,"zzyt9fm88bp8khcb",3,"2024-01-16T06:34:23Z","C2",45,"weiblich",10,8,10,4,4,4,4,2,1,3,4,3,0,2,4,4,3,6,4,5,0,0,1,1,4,5,5,"Ja",0,1,4,1,0,3,4,0,1.6,9.333333333333334,1.833333333333333,3.666666666666667,2.333333333333333,7,7,0.1635688875532666,0.6286816768926655
198,"1g71emaloqys7hy5",2,"2024-01-16T07:56:13Z","C1",24,"weiblich",8,7,7,3,3,3,3,3,3,2,2,3,2,2,2,2,3,3,3,3,3,4,4,4,4,4,4,"Ja",3,3,1,1,1,1,2,2,3,7.333333333333333,2.5,2.333333333333333,1.666666666666667,4,5,0.16330659154941563,0.6077163493604362
305,"cf2jkocd3hue88o6",3,"2024-01-16T08:51:37Z","C1",40,"männlich",10,10,10,4,0,0,3,4,2,3,4,2,2,4,2,3,3,6,3,5,3,0,1,3,3,3,3,"Ja",0,1,2,2,2,2,2,2,2,10,1.666666666666667,3,2,7,6,0.16535981970389996,0.647091021111
199,"wuvcwwdapth4s6v3",2,"2024-01-16T10:13:06Z","C2",34,"weiblich",8,8,8,3,3,1,2,4,1,4,3,4,1,2,1,2,3,4,1,5,1,3,2,4,4,3,3,"Ja",2,1,1,1,2,3,3,3,1.6,8,2,2.666666666666667,3,7,6,0.1674673178710862,0.6902831624636306
200,"ncdd3kpwv57r43hy",2,"2024-01-16T16:01:04Z","C2",26,"weiblich",7,7,9,4,4,4,4,2,0,4,4,4,0,3,0,4,2,5,1,5,0,4,4,2,4,2,3,"Ja",1,1,3,1,2,4,4,4,1,7.666666666666667,2.666666666666667,4,4,8,5,0.16720290533876078,0.7622774314182528
306,"l9won3ln9awjv41h",3,"2024-01-16T16:34:52Z","C1",26,"weiblich",10,8,10,4,4,3,4,3,0,4,4,4,0,4,4,4,1,5,1,5,0,4,4,2,2,2,3,"Ja",1,1,3,3,2,4,4,0,0.8,9.333333333333334,3,4,2.666666666666667,4,5,0.16693977057490492,0.734635185286914
307,"81tsas47eebdfwg4",3,"2024-01-16T17:26:03Z","C1",39,"weiblich",4,4,5,2,4,4,2,3,1,1,4,0,1,3,0,2,3,4,3,3,0,4,4,2,3,4,1,"Ja",2,3,3,2,4,3,3,4,2.2,4.333333333333333,3.5,1.666666666666667,3.333333333333333,6,7,0.1717242624681028,0.7599940328666952
201,"ub98u1yqedktcykh",2,"2024-01-17T17:26:12Z","C2",24,"männlich",9,10,10,4,4,0,4,4,0,4,4,0,0,0,0,4,0,5,0,0,0,5,5,5,0,5,0,"Ja",1,6,0,5,5,4,4,4,1.4,9.666666666666666,4.166666666666667,4,4,5,5,0.1714573010625559,0.7592988470027737
202,"4o0kb01b0pk9s34y",2,"2024-01-17T19:25:45Z","C1",18,"männlich",7,7,5,4,4,3,2,3,2,3,4,4,1,3,1,2,3,5,3,5,1,3,4,0,2,3,1,"Ja",1,1,5,3,4,2,3,3,1.8,6.333333333333333,3.666666666666667,2.333333333333333,2.666666666666667,4,2,0.16483526838349014,0.7317819199879517
203,"hwb2e5qk7xs76rfb",2,"2024-01-18T20:45:48Z","C2",32,"männlich",5,5,5,2,2,2,1,2,1,2,3,3,3,2,2,3,3,3,3,2,1,3,2,3,2,3,3,"Ja",3,4,2,3,2,3,1,2,2.8,5,2.5,2,2,6,1,0.15713155321360756,0.7570353698306536
204,"fkyx79nykgwl5ypg",2,"2024-01-19T11:58:38Z","C2",19,"weiblich",3,4,1,4,4,4,1,3,1,1,4,1,1,3,1,3,4,2,4,2,2,4,4,3,1,1,2,"Ja",4,4,2,4,3,3,3,3,3.6,2.666666666666667,3,1.666666666666667,3,5,5,0.15688577389807482,0.7563469072599294
308,"ao1qglx57y2jhy3k",3,"2024-01-19T14:09:08Z","C2",21,"weiblich",7,3,3,3,3,3,0,1,1,3,3,4,2,0,0,1,3,0,4,2,1,4,3,3,0,0,1,"Ja",6,4,2,5,4,3,2,4,3.6,4.333333333333333,3,1.333333333333333,3,4,4,0.1546893324829614,0.7289545426225087
205,"j2cfq2e2v6yemfcf",2,"2024-01-19T15:57:02Z","C2",20,"männlich",2,3,4,3,1,0,1,1,1,3,4,3,1,3,3,2,2,4,3,2,0,1,2,3,3,2,3,"Ja",2,4,2,2,2,3,3,1,2.2,3,1.833333333333333,2,2.333333333333333,4,6,0.15653826353155578,0.7030008149851095
309,"fxahpqtmlb0m1dx5",3,"2024-01-20T09:29:31Z","C1",21,"weiblich",6,6,5,4,4,4,4,3,1,3,4,3,0,4,0,4,2,3,1,2,0,0,0,3,3,0,3,"Ja",3,4,2,2,2,3,4,4,2,5.666666666666667,1,3.666666666666667,3.666666666666667,6,5,0.15629579718096193,0.72682105952857
206,"qvn4tlk271fhmac0",2,"2024-01-23T23:20:26Z","C2",25,"männlich",5,3,4,4,2,3,2,1,1,2,4,3,1,4,2,2,5,2,1,2,1,2,1,4,4,2,3,"Ja",4,4,1,1,2,3,3,2,3,4,1.5,2,2.666666666666667,7,7,0.1605112160630207,0.7779825538889937
